id,comment,sentiment,model,video_id,reviewed
1,Nhà máy làm thêm cốp trước thì tốt hơn,neutral,VF3,xzVrqva0KOM,True
2,VF5 cần thay đèn hậu có sáng đèn đỏ mà ko cần phanh khi đi buổi tối. Sẽ hữu ích cho xe sau bám đuôi hoặc tránh xe khi đi cao tốc.,neutral,VF3,xzVrqva0KOM,True
3,Con này nhìn đẹp ổn dễ độ chỉ mong thế hệ sau nâng cấp sạc AC nữa thì ngon luôn mình lười đi sạc chỉ muốn sạc ở nhà nên mình thấy hơi bất tiện,neutral,VF3,xzVrqva0KOM,True
4,"Mỗi oto điện của Vin nên bán hoặc tặng cho khách một xe điện vali để khi đậu sạc có thể di chuyển đi ăn, uống ca phe ... xa chổ sạc chút.",neutral,VF3,xzVrqva0KOM,True
5,"Quá ngon so tầm giá, nhớ trc kia mua con SH ngoại cũng hơn 200củ vkl, hút máu dân Việt bao năm. Tính ra vàng giờ mua dc vf7😂",positive,VF3,xzVrqva0KOM,True
6,Ơ đời có  ai bán  hàng  lỗi  ko nhỉ,neutral,VF3,xzVrqva0KOM,True
7,cho e hỏi như xe màu vàng kia thì lưu thông bình thường có bị CA thổi vì dán decal đổi màu như vậy ko ạ,neutral,VF3,xzVrqva0KOM,True
8,"Vin bán cái xe này nên mở thêm 1 lớp hướng dẫn dùng xe cho khách hàng trước khi xuống tiền. Kiểu như đi mưa trượt bánh thì phải làm sao, khi đạp thắng mà xe nó quay vòng thì phải làm sao. Lật xe thì phải làm sao...",negative,VF3,xzVrqva0KOM,True
9,Xem từ những ngày đầu nhưng vẫn chưa biết công việc chính của Xế Cộng là gì .,neutral,VF3,xzVrqva0KOM,True
10,"O2O ở tỉnh nào cũng được hả bạn, hay chỉ HN thôi",neutral,VF3,xzVrqva0KOM,True
11,Mún đặt xe o2o thì nhắn cho anh hay sao ạ,neutral,VF3,xzVrqva0KOM,True
12,Điều hòa có chỉnh dc ko😅,neutral,VF3,xzVrqva0KOM,True
13,có xe sẵn giao liền k ạ?,neutral,VF3,xzVrqva0KOM,True
14,"vf3 đi đô thị ngon rồi , ko tốn xăng nuôi xe nhàn ko",positive,VF3,xzVrqva0KOM,True
15,mua để được tiếng yêu nước,negative,VF3,xzVrqva0KOM,True
16,"xe này tính là 2 hàng hay 1 hàng ạ, nếu bé nhỏ 6 tháng muốn ngồi hàng ghế trước được không ạ?",neutral,VF3,xzVrqva0KOM,True
17,Macaron 260 triệu có làm khó được VF3?,neutral,VF3,xzVrqva0KOM,True
18,Trên 50% diện tích vẫn là màu trong đăng ký là oki,neutral,VF3,xzVrqva0KOM,True
19,toyota nên dạy khách nên lái xe thế nào để tránh đâm đụng vì xe của hãng toàn thùng tôn di động đụng là nghẻo luôn,neutral,VF3,xzVrqva0KOM,True
20,toàn daihatsu nhái toy thôi,neutral,VF3,xzVrqva0KOM,True
21,Thế toyota đã mở lớp hướng dẫn làm thế nào khi không bung túi khí chưa? 😏,neutral,VF3,xzVrqva0KOM,True
22,Cay view kiếm tiền youtube bro,neutral,VF3,xzVrqva0KOM,True
23,Chương trình áp dụng trên toàn quốc bác nhé!,neutral,VF3,xzVrqva0KOM,True
24,Vào nhóm rồi cần gì báo anh em hỗ trợ b nhé,neutral,VF3,xzVrqva0KOM,True
25,"Đúng rồi bác, đi phố con này cực tiện và tiết kiệm ạ!",positive,VF3,xzVrqva0KOM,True
26,Chả ai nói thế ngoài mấy thằng anti.,positive,VF3,xzVrqva0KOM,True
27,"Mua thứ nhất để phục vụ bản thân, thứ 2 là thương hiệu Việt. Nên bảo yêu nước là ko sai, tiền vẫn nằm ở Việt Nam tái đầu tư còn hơn lời hứa 30 năm nhé",positive,VF3,xzVrqva0KOM,True
28,Sau 1/7 k đc b nhé,neutral,VF3,xzVrqva0KOM,True
29,"vậy thì hơi bất tiện cho mẹ rồi ạ, hàng sau có lắp được ghế an toàn không ạ",neutral,VF3,xzVrqva0KOM,True
30,"bạn chọn loại ghế an toàn mà chỉ dùng dây an toàn ấy, vì xe ko có ixofit nên nếu bn lỡ mua loại ghế e bé có trang bị ixofit rồi thì phải mua thêm 1 thanh hỗ trợ gắn ixofit cho ghế sau. Nếu bé nhà bạn dưới 18 tháng thì sẽ hơi bất tiện thật vì ghế trẻ e sẽ phải quay ngược để bé dc nằm, và khi đó chỉ lắp dc phía sau ghế phụ thôi nên mẹ bé sẽ phải ngồi sau ghế tài sẽ hơi chật 1 chút. Còn nếu bé trên 18 tháng có thể ngồi thuận chiều rồi thì thoải mái bạn ơi.",neutral,VF3,xzVrqva0KOM,True
31,Ko. 2 tệp khách khác xa nhau lắm b,neutral,VF3,xzVrqva0KOM,True
32,Xe dành cho bkc,neutral,VF3,xzVrqva0KOM,True
33,"VF5 hơn hẳn vf3 vì khung gầm, động cơ, pin và kích thước. Option có thể cắt bớt nhưng cốt lõi vẫn hơn nhiều vf3. Phù hợp chạy dịch vụ và đi cá nhân, gia đình ít ng. Rất ok",positive,VF3,xzVrqva0KOM,True
34,nhiều anh em tài xế trong nước đăng FB tiktok khuyên đừng mua VF để khỏi mât tiền oan mà vẫn có người đâm đầu vô... hài vãi,negative,VF3,xzVrqva0KOM,True
35,"Vừa coi kênh a7 tv phân tích xong Vf5 tc2 bản cởi chuồng 400tr thì ông nào chọn vf3 thì đến nể, trừ ae thật sự dư giả về tc😂",negative,VF3,xzVrqva0KOM,True
36,Mình làm nghề xe ở Mỹ.Mình không biết tại sao Vinfast không đem VF3 sang Mỹ nhất là Cali vì mẫu xe này sẽ phù hợp thị hiếu dân Mỹ vì họ cũng thích chế độ xe.Nó giống xe Jeep Mỹ,positive,VF3,xzVrqva0KOM,True
37,mấy ae tiên phong vỡ mòm =)))))))))))))) vừa bị chém vừa lỗi,negative,VF3,xzVrqva0KOM,True
38,"Cảm ơn b nói điều ai cũng biết , vì nó đắt hơn gần 200 chai thì chả vậy",neutral,VF3,xzVrqva0KOM,True
39,Nói gì mà điều ai cũng biết vậy bác,neutral,VF3,xzVrqva0KOM,True
40,"Chắc mấy ông đó bị tâm thần hay bị tính ghen ghét, đố kỵ !",positive,VF3,xzVrqva0KOM,True
41,"Dân mua vì đi lời lãi thì dân mua, tiền ai nấy tiêu, bạn cứ đi thử và tính toán thực tế đi mới thấy. Đọc mạng câu view thì toàn bị lừa và đầu độc.",neutral,VF3,xzVrqva0KOM,True
42,"Nhảm vậy bác, tôi đã đi VF3 nếu có lên đời mua xe khác tôi cũng sẽ mua xe VinFast đây nè.",positive,VF3,xzVrqva0KOM,True
43,Vậy mới thấy truyền thông bẩn tai hại như nào. Bạn cho tiền người ta đổ xăng ko bạn?,positive,VF3,xzVrqva0KOM,True
44,Ui. Ở nước ngoài thì k hiểu ở trong nước như nào đâu😅,neutral,VF3,xzVrqva0KOM,True
45,cách nhau cả 130 140 triệu đấykhông ít đâu ông ạ,neutral,VF3,xzVrqva0KOM,True
46,"Cởi chuồng thì dành cho anh em mua xe đầu thôi. Xe thứ 2,3 ngta lại k mặn mà vs con vf5 đó đâu",negative,VF3,xzVrqva0KOM,True
47,Đã VF5 mà còn là bản cởi chuồng thì ko hiểu so với VF3 nnao luon ý=))) VF3 nó có tệp khách riêng bác ơi,neutral,VF3,xzVrqva0KOM,True
48,Chuẩn luôn nhà có xe rồi mua thêm chiếc chở bồ nhí đi chơi giữa đường hết pin vào nhà nghĩ mà sạc thì đc,positive,VF3,xzVrqva0KOM,True
49,nguời ko dư giả thì ngta cũng chọn 400 hơn là 300 à mà ông nói vậy,neutral,VF3,xzVrqva0KOM,True
50,"Sớm
Muộn vf5 cũng
Có bản giá mềm. Lấh bớt khách của vf3. Vẫn còn nh ng mua vf3 vì chỉ thích xe nhỏ đi cá nhân luồn lách đi gần thì vẫn mua.",neutral,VF3,xzVrqva0KOM,True
51,ko đủ an toàn để bán âu mỹ. Ở Âu Mỹ thì khó có xe giá rẻ,negative,VF3,xzVrqva0KOM,True
52,Không qua nổi bước verification 😂 này bán đc ở đna là quá đáng lắm r,negative,VF3,xzVrqva0KOM,True
53,Đi 3 năm sướng bao lâu rồi,positive,VF3,xzVrqva0KOM,True
54,"Hãng xe nào cũng vậy thôi, cũng có tệp khách hàng tiên phong. Không có số 1 thì làm sao có số 2....",neutral,VF3,xzVrqva0KOM,True
55,"Vừa mồm thì múc, đâu ai bảo cố mà vỡ mồm. Ko có người dùng đầu tiên thì làm mẹ gì có đời kế tiếp. Hiểu thế nào là phát triển k?",positive,VF3,xzVrqva0KOM,True
56,"2 năm trước lúc tìm hiểu VF5 để mua đay cày cho sếp các video về VF5 từ đi xuyên Việt, tới 3 nước Đông Dương ... giờ mới thấy sếp ra lại 1 video về VF5",neutral,VF5,1zCYFJ9JzgI,True
57,"đợi ra thế hệ tiếp đẹp hơn, điều hòa xịn hơn chút, còn cấu hình hiện tại vậy là ổn",positive,VF5,1zCYFJ9JzgI,True
58,Loa kia bao tiền v ad 😢,neutral,VF5,1zCYFJ9JzgI,True
59,Giới hạn sạc mua EX 2 coi bộ OK nha,neutral,VF5,1zCYFJ9JzgI,True
60,"ghế lái vẹo lệch ngồi đau người, ghế sau chật, thấp ngồi tức chân chỉ phù hợp trẻ con..",negative,VF5,1zCYFJ9JzgI,True
61,Có quá nhiều xe để trải nghiệm. Hẹn ở vf5 thế hệ tiếp theo.,neutral,VF5,1zCYFJ9JzgI,True
62,Giảm giá để ra phiên bản mới ah ad ơi,neutral,VF5,1zCYFJ9JzgI,True
63,"nhược: hàng nội địa: 
ưu: giá hãi cãng: ahhahha",negative,VF5,1zCYFJ9JzgI,True
64,Mặc quần dài vào,neutral,VF5,1zCYFJ9JzgI,True
65,Người thông minh là phải mua Vinfast,positive,VF5,1zCYFJ9JzgI,True
66,dự kiến VF5 new khi nào ra mắt add,neutral,VF5,1zCYFJ9JzgI,True
67,năm 2027,neutral,VF5,1zCYFJ9JzgI,True
68,Chắc phải năm sau,neutral,VF5,1zCYFJ9JzgI,True
69,nào nào mình đang hóng cuối năm đây 😢😢😢😢,positive,VF5,1zCYFJ9JzgI,True
70,hóa ra ngôn ngữ của bọn tây nội địa chỉ có vậy.,neutral,VF5,1zCYFJ9JzgI,True
71,"Độ bất lực cao nhỉ, cay lắm nhưng clip nào cũng phải vào đớp hơn đớp cớt :))",negative,VF5,1zCYFJ9JzgI,True
72,"RÁC TRONG TÂM!
Thưa các bác,
Em rất buồn khi nhìn thấy rất nhiều bình luận hoặc phản hồi bình luận của nhiều bác bị Youtube đưa vào hộp kiểm duyệt hoặc hộp vi phạm tiêu chuẩn cộng đồng. Việc thể hiện YÊU hay KHÔNG YÊU là chuyện hết sức bình thường, ĐỒNG TÌNH hay PHẢN ĐỐI cũng là các mặt của cuộc sống, tại sao khi xe Vinfast bị chê, nhiều bác lại có thể phản ứng bằng những ngôn từ thô tục đến vậy?
Em thành thật xin lỗi vì đã không thể mở những bình luận trong mục vi phạm tiêu chuẩn cộng đồng. Nếu mở ra, kênh có thể sẽ bị sập, hoặc có thể sẽ bị phạt rất nặng. Ngôn từ thô tục có thể bị coi là rác phải không các bác?
Nếu ta yêu mến sản phẩm, niềm nở đón nhận cả những lời chê bai góp ý, thì cộng đồng sẽ ngày càng yêu mến sản phẩm.
Rất mong các bác hãy cởi mở và thư giãn khi trao đổi. 
Kính chúc các bác và gia đình cuối tuần vui vẻ!",neutral,VF7,b8mtVV98MPY,True
73,"Clip hay. Luôn đi thẳng vấn đề nhanh gọn, ko vòng vo. Mình chúa ghét nói vòng vo, nói dài mà hàm lượng thông tin chả bao nhiêu",positive,VF7,b8mtVV98MPY,True
74,"A Việt Anh nói hay quá
Chúc anh và team sức khỏe",positive,VF7,b8mtVV98MPY,True
75,"Anh luôn là ng nói công bằng nhất, ko sợ làm mất lòng hãng xe. Ủng hộ kênh của anh. Cám ơn anh",positive,VF7,b8mtVV98MPY,True
76,Clip quá hay và bổ ích a ạ,positive,VF7,b8mtVV98MPY,True
77,"Cảm ơn Bác, tháng này em đang định mua xe,nhưng con VF7 ồn quá, trở gia đình đi du lịch thì em say bye",neutral,VF7,b8mtVV98MPY,True
78,Tipcar đánh giá rất chi tiết rõ ràng. Luôn dùng số liệu để đánh giá,positive,VF7,b8mtVV98MPY,True
79,Thanks tipcar chia se,positive,VF7,b8mtVV98MPY,True
80,Anh làm video rất rễ hiểu và công tâm,positive,VF7,b8mtVV98MPY,True
81,"Xem kênh này nhiều, đánh gía rất công tâm về xe",positive,VF7,b8mtVV98MPY,True
82,Thích ccahs nói chuyện của biên tập viên tipcar TV,positive,VF7,b8mtVV98MPY,True
83,bạn này rất am hiểu về kỹ thuật và thị trường xe hơi,positive,VF7,b8mtVV98MPY,True
84,Rất  yêu tipcar TV.còn  xe vin không  chê  gì.  Chỉ  tội sx trong  nước. Đc yêu tiên  nhiều nhưng giá  thành  chưa cạnh tranh....,positive,VF7,b8mtVV98MPY,True
85,Clip rất hay cho mn dag tìm hiểu e vf7,positive,VF7,b8mtVV98MPY,True
86,Kênh này là đánh giá chân thật nhất,positive,VF7,b8mtVV98MPY,True
87,Tipcar ko lòng vòng vào vấn đề nhanh gọn công tâm,positive,VF7,b8mtVV98MPY,True
88,đợi bên anh mãi,positive,VF7,b8mtVV98MPY,True
89,Tôi thấy bác này giao diện cách nói chuyện cũng rất thật.còn có quảng cáo không thì phải chải nhiêm mới biết .còn riêng tôi tôi sẽ ủng hộ vinfat,positive,VF7,b8mtVV98MPY,True
90,"Không có màn hình sau vô-lăng, chưa quen mắt. Sàn cao, ngồi không thoải mái, cốp nên rộng thêm tý....., hy vọng các thế hệ sau sẽ hoàn thiện hơn,....tổng thể cũng là xuất sắc rồi cố lên Vinfast",neutral,VF7,b8mtVV98MPY,True
91,Chạy hay. Sướng,positive,VF7,b8mtVV98MPY,True
92,"Đôi khi họ yêu ghét theo cảm tính. Chỉ cần nghe đến Vin có khi họ đã ko thích rồi. Cho nên bạn cứ tự tin làm những gì từ tâm và tầm của mình để mang đến cho người xem, người dùng sự hiểu biết về ôto nói chung trong đó có xe điện. Riêng về xe Vin mình đã từng ngồi vf9 bản trần kính thì thấy ko phù hợp với thời tiết mùa hè Tây Nguyên.",positive,VF7,b8mtVV98MPY,True
93,"Những cái thằng ở dưới chê theo kiểu có đầu óc phân tích thì không ai người ta phản đối,nhưng hầu hết những thành phần chê đều không,hoặc chưa hề trải nghiệm những cái hay của xe điện VF mà chỉ 1 mực khăng khăng là xe điện VF đắt,kém chất lượng hoặc đội những hãng khác lên đầu với những ngôn từ hết sức phản cảm,chỉ biết xoáy vào những điểm chưa tốt mà bới móc .Thực tế những người chuyển từ xe xăng sang xe điện VF họ thấy cực kì thích thú và hài lòng với chiếc xe của họ vì những trải nghiệm mà chưa bao giờ hoặc sẽ không bao giờ có ở xe xăng.Tôi chỉ cho ví dụ đơn giản,Xăng, dầu giờ lên 30k 1 lít chắc các bố đi xe xăng khóc thét chứ chưa nói chuyện khác.",neutral,VF7,b8mtVV98MPY,True
94,chưa chắc là đã người bênh vin đâu nha. Có thể là đối thủ đấy,neutral,VF7,b8mtVV98MPY,True
95,"Xem trên nhiều video về xe VF thì thấy bị chia làm 2 phe, 1 phe thì cứ VF là chê không cần biết làm xe như nào thậm chí chưa đụng vào chiếc xe VF nào cũng chê, chê cho sướng miệng cái đã. Còn 1 phe thì ngược lại, bênh vực. Khen thì bị gọi là Vin nô, là bò đỏ, chê thì bị gọi là 3 sọc .... Nhưng dù khen hay chê thì mong các bác giữ bình tĩnh và văn hóa. lướt xuống đọc bình luận nhiều khi cảm thấy cũng ức chế.",neutral,VF7,b8mtVV98MPY,True
96,"nói chung chỉ có video về vf mới xảy ra tình trạng thế, một lũ vào chửi nhau bất chấp đúng sai. Ko biết là làm truyền thông bẩn hay gì chứ kiểu đó chỉ làm mất hình ảnh của hãng.",neutral,VF7,b8mtVV98MPY,True
97,Lạ nhỉ? Hãng làm giàu kinh tế cho đất nước mà nhiều thành phần kiểu phá hoại quá!,negative,VF7,b8mtVV98MPY,True
98,"1. Về đóng thuế, thì hàng xe nào cũng phải đóng thuế cho nhà nước như nhau
2. Về làm giàu cho đất nước thì bạn phải xem lại, tiền vào túi cá nhân, tập đoàn tư nhân chứ không phải về tay nhà nước nhé.",neutral,VF7,b8mtVV98MPY,True
99,Vậy tại sao bác ko nhắc đến những thành phần cứ thấy Vinfast là văng ra những lời thô tục một cách mù quáng? HAY bác cũng đồng tình với những RÁC đó?,neutral,VF7,b8mtVV98MPY,True
100,Bác ns rất đúng. Chính vì e đọc comment người chê vin bị chửi rất  vô văn hóa . Nên e cũng bị phản cảm theo hiện tại e k còn chút cảm tình nào . Việc bị chê là hết sức bt cho 1 sản phẩm bất kỳ.  đến lexus cũng bị chê rất thậm tệ cũng có. Những họ không hành xử như vậy.,neutral,VF7,b8mtVV98MPY,True
101,Bạn nói không đúng. Nhiều người chê xe Vin phần lớn là những người chưa bao giờ sử dụng xe Vin.,neutral,VF7,b8mtVV98MPY,True
102,"Rất nhiều người không có chút văn hóa nào 
Bình luận về một vấn đề gì cũng dùng lời lẽ thô tục ghê gớm.",neutral,VF7,b8mtVV98MPY,True
103,"Ngày xưa có ô kia chê bị mời lên uống trà rồi đấy .chê sai thì còn phê phán chê đúng coi như góp ý để thay đổi tốt hơn ,nhưng phàm hay bị các ae thần thánh hóa nhảy vào blabla trong khi đó chưa biết đã có xe hay chưa. Văn hóa trên mạng của người vn  nước nào cũng ngao ngán.kể cả trọng tài trước khi bắt trận banh nào của vn đều khóa trang cá nhân là hiểu 😢😢",neutral,VF7,b8mtVV98MPY,True
104,"Em cũng không hiểu luôn bác, đừng buồn bác ạ😂",neutral,VF7,b8mtVV98MPY,True
105,Người comment thì nhiều nhưng những người có xe thì ít.xem YouTube thì thấy sao nói vậy chứ có xe trải nghiệm đâu mà biết.chỉ thấy hùa theo chứ thực chất có mấy người đc sở hữu,neutral,VF7,b8mtVV98MPY,True
106,"phải có khen và chê để tất cả mọi ng có cái nhìn cụ thể về xe,  giúp nhà sản xuất biết còn khắc phục.",neutral,VF7,b8mtVV98MPY,True
107,Không yêu cũng không ghét nhưng luôn ủng hộ vì nếu không có khởi đầu thì 1000 năm nữa VN cũng chưa sở hữu được hãng xe oto nào,neutral,VF7,b8mtVV98MPY,True
108,Kênh đánh giá rất khách quan. Nếu có thiên vị thì cũng rất bt. Sản phẩm của dân tộc mà. Không yêu quý nó thì yêu quý ai. ❤,positive,VF7,b8mtVV98MPY,True
109,Chuẩn luôn anh. Anh Vượng chắc có vui khi nhiều người bênh VF văn hoá lùn?,neutral,VF7,b8mtVV98MPY,True
110,"Tôi không ghét xe vin, thực ra chất lượng không đến nỗi nào. Nhưng tôi ghét những người xưng danh là ủng hộ vin. 
1. Những ai chê xe vin thì được cho là cali, là không yêu nước, là phản động.
2. Bọn nó đánh đồng việc mua hàng vin, ủng hộ vin với việc yêu nước
3. Bọn nó không hiểu gì về sản xuất công nghiệp khi nghĩ rằng cứ bỏ tiền ra thuê người khác, nước khác sản xuất là thành xe của hãng việt nam. Vì sao apple, samsung được xem là của mỹ, hàn mà vin lại bị nghi ngờ là hàng tàu? Bởi vì người ta làm chủ thiết kế, làm chủ QC, làm chủ công nghệ, chỉ là đi thuê thằng khác làm cho rẻ. Còn ở đây người ta nghi ngờ vin không làm chủ công nghệ gì cả, gì cũng đi mua. Đó mới là vấn đề",neutral,VF7,b8mtVV98MPY,True
111,"bạn nói VF không tự sản xuất, không làm chủ công nghệ thì chưa đúng lắm. VF có tiền họ đi mua công nghệ sản xuất ô tô của người ta về tự sản xuất ô tô thì không phải do VF sản xuất là gì?. Có nhất thiết phải đổ 1 đống tiền tự nghiên cứu trong khi xuất phát điểm không có gì về sản xuất ô tô. Tôi hỏi bạn hãng MG hiện tại do Trung Quốc mua lại hãng ô tô của Anh rồi họ sản xuất xe, thế bạn nói MG hiện tại vẫn do người Anh sản xuất à. Có ghét VF thì cũng công tâm nhìn nhận nhà máy họ sản xuất được cái gì và mua cái gì. Và cũng nên nhìn nhận là VF và những doanh nghiệp sản xuất tương tự tạo ra bao nhiêu việc làm cho dân VN. Riêng tôi chỉ quan trọng là chất lượng sản phẩm, dịch vụ bảo trì bảo dưỡng. Nếu xe Trung Quốc vào VN mà chất lượng tốt, dịch vụ bảo dưỡng đầy đủ, trạm sạt điện đảm bảo thì tôi vẫn mua xe Trung Quốc sử dụng. Tôi không quan tâm họ dè bỉu tôi đi xe Trung Quốc, cái tôi cần là 1 phương tiện đi lại, che nắng, che mưa và an toàn khi ra đường",neutral,VF7,b8mtVV98MPY,True
112,"chê khen là chuyện hết sức bình thường bạn ạ. Chúng ta có quyền kg thích, kg mua. Nhưng phải văn minh, công tâm, hiểu biết và có văn hóa. Chúng ta nên đánh giá khi đã trải nghiệm thực tế, và ít nhất dành một chút tử tế cho tinh thần phát triển quê hương. Mình đọc nhiều bình luận thì hiểu rằng, có nhiều bạn có lẽ còn chưa cầm volang bao giờ nhưng lại tỏ ra chê bai một cách hằn học và rất thiếu văn hóa.",neutral,VF7,b8mtVV98MPY,True
113,"Comment của mình ở trên cũng bị rất nhiều thành phần thiếu văn hoá vào bênh vf mù quáng, chắc cũng nhiều rác đã bị kênh chặn. Mình có khen có chê xe một cách rõ ràng nhưng vs chúng nó thế là không được, đụng đến vf thì chỉ đc khen :))",neutral,VF7,b8mtVV98MPY,True
114,"Bạn có văn hoá quá,lên yt xem video xong r chê nọ chê kia nhưng có khi còn chưa 1 lần ngồi lên 1 cái xe điện🤣🤣🤣🤣",neutral,VF7,b8mtVV98MPY,True
115,"Khổ thân cứ nhắc đến VF là ae 3 sọi vào xỉa xói 😂
Khoá hết chúng nó đi a sếp",neutral,VF7,b8mtVV98MPY,True
116,"Đọc cho kỹ đi, toàn bọn bênh vf chửi hô văn hóa người nào ko may chê xe :D",neutral,VF7,b8mtVV98MPY,True
117,A né cái hãng xe thị phi này ra dùm e cho đỡ nặng đầu.,negative,VF7,b8mtVV98MPY,True
118,"kênh về xe lại bảo người ta né hãng xe, nghe kỳ vậy?",neutral,VF7,b8mtVV98MPY,True
119,"Vin no nó vậy , chỉ muốn khen ko đc chê",negative,VF7,b8mtVV98MPY,True
120,Ông chửi người ta Vin nô thì cũng có hơn gì đâu.,negative,VF7,b8mtVV98MPY,True
121,"chê cũng được nhưng bạn chê có văn hóa chứ đừng chê kiểu thô tục. Nhưng tôi vẫn thắc mắc tại sao tập đoàn Huyndai (Hàn Quốc) , tập đoàn Honda (Nhật Bản)...vv mây mây. Người ta tồn tại được vì sao ? vì người dân bên đó người ta tự hào sản phẩm của nước họ không như VN cứ thấy ai làm tốt và có rất ít lỗi nhưng chê rất nặng thậm chí còn chửi chứ không phải là chê",neutral,VF7,b8mtVV98MPY,True
122,Chê bai toàn vện ba que thôi anh,positive,VF7,b8mtVV98MPY,True
123,bọn đấy là bọn anti. Cố tình chửi bới để nhiều người ghét thêm đó bạn ơi,neutral,VF7,b8mtVV98MPY,True
124,"cái này thì chịu, nói một phía ai mà tin đc, chỉ biết toàn bọn vo văn hoá chửi người chế xe",neutral,VF7,b8mtVV98MPY,True
125,"ng đi xe vin họ ko chửi như vậy đâu, minh đang đi vin đây, nó là phù hợp vs mình chứ ko phải co.n xe hoàn hoả, nên khen chê là bt",positive,VF7,b8mtVV98MPY,True
126,"haha. Cai cú tìm mọi comment để khịa à, vh của fan vf đấy. Chê mỗi câu giá đắt cái đi đâu cũng bị khịa, rồi đc gì, xe bán đc nhiều hơn không bạn.",neutral,VF7,b8mtVV98MPY,True
127,"uh,xe VF bán ế,vì những người giàu như bạn không mua tại nó đắt,mua Mazda CX5 mới là chân ái là thông minh.🤣🤣🤣",neutral,VF7,b8mtVV98MPY,True
128,"nói như trẻ lên 3, con xe duoi tỷ mà suốt ngày giàu với ngèo, làm như xe sang :). Nói thẳng cho vuông nhé, người giàu ai them đi VF, người ta đi Mec, Bim, Audi rồi bạn trẻ à, hoang tưởng quá.",neutral,VF7,b8mtVV98MPY,True
129,Nếu chưa sử dụng thì làm sao biết xe tốt hay xấu. Thậm chí khi xe điện Vin được xuất khẩu sang Mỹ. Phần lớn các báo chí về ô tô và youtuber review ô tô chỉ chạy thu xe Vịn trong vòng vài giờ là họ đã chê thậm tệ đến nỗi họ để nghỉ trả xe Vin về nơi sản xuất??,positive,VF7,b8mtVV98MPY,True
130,"Đây  sao tôi đã quyết định thuê một chiếc VF8 Plus, và sau hơn 8 tháng chạy, tôi có thể nói xe Vin có chất lượng tốt độ an toàn cao và rất đáng tin cậy. Nghĩa là mỗi lần đề máy xe, thì xe hoạt động như mong muốn và và xe chạy rất mượt mà.",positive,VF7,b8mtVV98MPY,True
131,Kênh này rất chung thực. Rất hay,positive,VF7,b8mtVV98MPY,True
132,"thấy hợp lý so với giá tiền thì mua ko thì thôi. khen chê là chuyện bình thường, đừng khen quá và chê quá vì như vậy là không thật tâm. thêm nữa nhiều người không phân biệt dc là chê hay dìm hàng. chưa kể còn có những người chưa được trải ngiệm bao giờ chỉ nghe người khác nói vào bình loạn lên khác j tát nước theo mưa. người ta chê để mọi người xem có chấp nhận được không chứ có phải dìm đâu hãy tôn trọng những con người thật tâm",neutral,VF7,b8mtVV98MPY,True
133,Tipcar làm thêm các sp của vin đi,neutral,VF7,b8mtVV98MPY,True
134,"Bao kênh review xe nhưng cũng chỉ thích và xem kênh của bác VA, vì bác dám nói dám làm. Từ khi nào việc khen chê một sản phẩm lại bị đánh tráo khái niệm với việc yêu nước hay không như vậy?",positive,VF7,b8mtVV98MPY,True
135,Nhìn đẹp mà để người ta trải nghiệm trước đi hơn tỷ rất nhiều sự lựa chọn,neutral,VF7,b8mtVV98MPY,True
136,Vf7 là con xe mình ưng ý nhất trong gia đình Vinfast nói riêng và phân khúc Suv C nói chung,positive,VF7,b8mtVV98MPY,True
137,"Tôi quan tâm đến độ ngả của hàng ghế thứ 2 đối với các đồng xe, nó tạo sự thoải mái khi đi đường trường đối với các thành viên trong gia đình.",neutral,VF7,b8mtVV98MPY,True
138,"Kênh làm clip hay và chi tiết. Xem một lèo gần 10 vid rồi mới gặp đc 1 vid mà thấy 'đã' về thông tin như này. Nói đến bộ phận nào thì có video quay cận cảnh đến đó, phân tích kèm số liệu chi tiết, có so sánh với thông số chung trong các phân khúc để người xem dễ hình dung. Các nhận xét, đánh giá đi sâu được vào các chi tiết nhỏ nhưng lại là thường xuyên khi sử dụng thực tế. Không khen thừa, không chê cho có cảm giác công-tâm, các đánh giá rất cụ thể ""rộng, hẹp, cao, thấp"" giúp người xem rất dễ hình dung. Cảm ơn kênh.",positive,VF7,b8mtVV98MPY,True
139,"Xe điện thì tính tới món tiết kiệm nhiên liệu thôi, bốc quá thì với đa số cũng chả làm j nếu đi trong phố là chính. Vin cần nâng cấp nội thất",neutral,VF7,b8mtVV98MPY,True
140,Nó đẹp như  bản N-line các hãng ý anh nhở😊,positive,VF7,b8mtVV98MPY,True
141,Nội thất làm như nội thất bán tải vf wild thì đẹp hết ý,neutral,VF7,b8mtVV98MPY,True
142,Mình vẫn thích cái yên ngựa như vf8,neutral,VF7,b8mtVV98MPY,True
143,Phải đăng nhập để like cho ae làm kênh này. Mãi mới xem đc review tử tế trc khi mua. Tks ae,positive,VF7,b8mtVV98MPY,True
144,"Mình đã đi được hơn 2.000km nói chung cảm giác lái rất ok, ADAS thì đang thua vfe34 mỗi khi xe dừng thì quạt gió kêu to, tắt điều hoà thì hết kêu. Có lẽ cần thêm thời gian cho Vf tinh chỉnh. Chúng ta nên ủng hộ sản phẩm của người Việt vì trước Vin đã ai làm được gì ra hồn đâu.Tôi sang Hàn quốc bên đó chỉ toàn Huundai và Kia chạy ngoài đường,  đừng chửi Vin và cũng đừng bênh Vin thái quá chúng ta là người Việt nam mà !",positive,VF7,b8mtVV98MPY,True
145,giờ sàn cao đã k phải đặc trưng của tất cả xe EV nữa vì BYD đã có pin blade làm sàn thấp đi nhiều.,neutral,VF7,b8mtVV98MPY,True
146,"tôi đã vào VF7 bản lái thử ngồi, các hộc nhỏ, da ghế mềm và màu ghi cơ bản. nhưng nói chung khoang rộng, các mặt nhựa cũng dc gia công mài cơ bản chắc chưa  phải bản độ. tăng tốc thì khoảng 6-8 giây 100km. các chế độ chuẩn adas, màn hình tốc độ trên gương...nói chung vào bên trong ngồi thì đơn giản, nhìn bên ngoài thì cầu kì và đặc biệt nắp cốp sau bằng nhựa nếu có xe máy va chạm có thể bể nứt. ngoại hình thì ngầu và đẹp sơn đẹp. quãng đường cũng khá thuận lợi trên 380 km là rất tiện, tức ai đi ít thì 1 tháng mới sạc khoảng 1-2 lần đầy. Dĩ nhiên chỉ sạc tới 92%",neutral,VF7,b8mtVV98MPY,True
147,"Xe vf7 rất đẹp và mạnh, có sự khác biệt riêng, đủ lúa là mình mua ngay không chần chừ.",positive,VF7,b8mtVV98MPY,True
148,"Kênh hay,làm những gì hành khách thích",positive,VF7,b8mtVV98MPY,True
149,Kênh này đánh giá khá khách quan. Mình không thích xem Autodaily và Xehay vì sặc mùi quảng cáo nên người xem không có được  những thông tin cần thiết như kênh này. Thank bác,positive,VF7,b8mtVV98MPY,True
150,Cảm ơn bác đã ủng hộ nhé!,positive,VF7,b8mtVV98MPY,True
151,Cảm ơn bác đã ủng hộ kênh Tipcar nhé!,positive,VF7,b8mtVV98MPY,True
152,"xe giá cao quá, chỉ dành cho người có điều kiện mua để trải nghiệm. còn gia đình nào mua xe lần đầu mà phải đong đếm, chắt góp thì cứ mua hãng có tên tuổi trên thế giới cho chắc.",neutral,VF7,b8mtVV98MPY,True
153,"công nhận, xe nội địa mà giá cao quá.",negative,VF7,b8mtVV98MPY,True
154,tôi nếu chắt góp thì cũng mua vin. Người hàn nào cũng như ông thì họ đã làm thuê rồi ko còn huyndai kia đâu,positive,VF7,b8mtVV98MPY,True
155,"giá xe cao ko chỉ do việc nhập linh kiện đâu bn , nó còn liên quan tới thuế của chính phủ",neutral,VF7,b8mtVV98MPY,True
156,"mình chê mấy cái cần gạt xi nhan vs gạt nước nhấn mấy lần mới đc , thêm cái trần hơi thấp với cửa sổ ghế lái 2 bên hơi nhỏ ngồi nhìn gương bị giới hạn tầm nhìn quá nhiều",negative,VF7,b8mtVV98MPY,True
157,Tại sao ADAS lại thua E34? Bác nhầm lẫn gì không?,neutral,VF7,b8mtVV98MPY,True
158,vì chưa kích hoạt gì cả có lẽ phai vài tháng nữa bác,neutral,VF7,b8mtVV98MPY,True
159,Quạt điều hòa kêu to là do điều hòa điện là vậy đó. Hok kêu to thì kém mát,neutral,VF7,b8mtVV98MPY,True
160,Hàn quốc nào toàn huyndai với kia? Nó ít xe nhật thôi chứ xe âu mỹ đầy,neutral,VF7,b8mtVV98MPY,True
161,Ủng hộ mà giá trên trời tầm 800tr thì mua con chớ 1 tỷ thì thôi,neutral,VF7,b8mtVV98MPY,True
162,"Hàn Quốc giúp Hyundai và Kia phát triển ngày này , nhưng cũng nhấn chìm ô tô Samsung và thậm chí chính Kia trước đây đó ạ , tiêu dùng thì nên vì những giá trị thực tiễn chứ đừng nghĩ đến những thứ không có thật",neutral,VF7,b8mtVV98MPY,True
163,", tiền nào của đó. 800tr về mà xe cùi thì lại chê này chê nọ thì thà bán 1 tỷ cho đại gia mua",positive,VF7,b8mtVV98MPY,True
164,Chúc bác cuối tuần vui vẻ nhé!,neutral,VF7,b8mtVV98MPY,True
165,"autodaily nói lải nhải, chậm rề nghe khó chịu, e bỏ lâu rồi",negative,VF7,b8mtVV98MPY,True
166,"Dạo này thấy chập , cháy nổ , tai nạn liên tục , vin uy tín đấy",negative,VF7,b8mtVV98MPY,True
167,Người thông minh hiểu biết và tài giỏi họ sẽ mua Vin,positive,VF7,b8mtVV98MPY,True
168,Thêm màng hình dướu vô lăng nữa đẹp hơn,neutral,VF7,b8mtVV98MPY,True
169,"Em thấy máu vf7 đẹp hơn cả vt vf8 và vf 9 luôn. Rất phong cách ,trẻ và  sang trọng",positive,VF7,b8mtVV98MPY,True
170,Công nhận các xe Vin có cột A to thật. Cái xe Fadil của vợ mình cũng thấy chắn hết tầm nhìn,negative,VF7,b8mtVV98MPY,True
171,Cái cửa sổ hàng 2 bé tý thế mà không chê hả Ad :),negative,VF7,b8mtVV98MPY,True
172,ủng hộ vin,positive,VF7,b8mtVV98MPY,True
173,"tipcar ơi, sao xe này lại là xe thử nghiệm nhỉ, do bản xe tipcar đi là xe test của hãng hay sao ạ? chứ mình thấy vf bán mã này lâu lắm rồi mà",neutral,VF7,b8mtVV98MPY,True
174,Tôi thích tất cả các xe điện vinfast. Tôi đã mua 1vf3. Sang năm mua vf7. Đi nhẹ k có mùi xăng. Tiết kiệm chi phí. Thế hợp ý tôi r,positive,VF7,b8mtVV98MPY,True
175,Vin chỉnh lại hình dáng vuông vắn thay vì bo tròn cái đầu - như xe xăng chắc sẽ đẹp hơn,neutral,VF7,b8mtVV98MPY,True
176,Ghế sau có thể làm cao lên và ngả nữa ra sau thì sẽ không bị ngồi xổm. Không gian xe rộng nên thoải mái để làm vậy,neutral,VF7,b8mtVV98MPY,True
177,e vừa cọc vf7 :D thứ 5 này lấy xe.. háo hức quá :)),positive,VF7,b8mtVV98MPY,True
178,"từ hồi ra mắt chiếc này e mê luôn, ko đủ tiền mua mới nhưng vẫn hi vọng sẽ xúc dc e này lướt.",positive,VF7,b8mtVV98MPY,True
179,"Xe này đẹp hơn các xe cùng tầm giá, máy thì rất mạnh, không xe nào 1 tỏi có máy như vậy. Ghế ngồi êm và sướng. Chê các hộc đồ bé quá",positive,VF7,b8mtVV98MPY,True
180,Vinfast được mỗi cái mạnh mà mạnh quá ở đường xá Việt Nam thì không thể tận dụng hết được,neutral,VF7,b8mtVV98MPY,True
181,"chê cái cửa sổ trời toàn tập ,đi ngày mát với mưa ko sao nhưng đi những ngày nắng gắt người ngồi sau rất mệt chưa kể cửa sổ bé trần thấp khó quan sát",negative,VF7,b8mtVV98MPY,True
182,Nói chung xe điện chỉ VF 8 và VF9 đi và ngồi sau cũng sướng thôi sang năm vinfast mà ra dòng MPV nữa thì ngon,neutral,VF7,b8mtVV98MPY,True
183,Mọi thứ đều ổn nhưng ko hiểu sao ghế sau chán thực sự. không biết đã có phương án nào khắc chế chưa bác nhỉ?,negative,VF7,b8mtVV98MPY,True
184,"Mong bác Vượng đóng cái trạm sạc ở Huyện quá Tiếc không có, muốn múc cũng khó.",negative,VF7,b8mtVV98MPY,True
185,Mh mới lái thử con này. Công nhận cột A to hơn cột đình ý trông chắc vãi kk,positive,VF7,b8mtVV98MPY,True
186,Chúc bác sớm toại nguyện nhé!,neutral,VF7,b8mtVV98MPY,True
187,Khi có tiền chắc chắn tôi sẽ mua!,positive,VF7,b8mtVV98MPY,True
188,E đang dùng xe xăng của vf . Công nhận nội thất vf rất ít mùi,positive,VF7,b8mtVV98MPY,True
189,Màu đen nhìn ngầu quá,positive,VF7,b8mtVV98MPY,True
190,"TipCar cho mình xin ý kiến tham khảo, nhà mình có 2 vợ chồng và một con nhỏ, thỉnh thoảng về quê khoảng 200km và chở ông bà đi cùng. Cùng tầm giá, mình phân vân VF7 Plus và HRV eHEV, vấn đề sạc không phải vấn đề lớn. Cho mình hỏi nên chọn xe nào ạ",neutral,VF7,b8mtVV98MPY,True
191,"Tôi đg chạy xe Vin, cũng chả chê gì ngoài ghét nó bé, ngắn ( fadil )",positive,VF7,b8mtVV98MPY,True
192,Chào Tiếp ka nhờ    Tiếp ka tư vấn dum lắp và cầu sau xe san ta p giá tiền  bao vậy Tiếp ka nhờ Tiếp ka nói giá đùm cảm ơn bạn,neutral,VF7,b8mtVV98MPY,True
193,Mình thích mẫu này và chỉ số động cơ đáng mơ ước cho người thích lái.Mỗi tội giá hơi cao hy vọng sau này có thể mềm tí cho dễ tiếp cận. Tks VF đã đưa ô tô công nghệ đến gần vs người dân.,positive,VF7,b8mtVV98MPY,True
194,"Đẹp, trẻ trung",positive,VF7,b8mtVV98MPY,True
195,"Anh giải thích rõ ràng và rất tỉ mỉ.
Gia đình em đang cân nhắc mua chiếc vf7 này, hoặc thêm nữa để mua vf9 luôn.",positive,VF7,b8mtVV98MPY,True
196,"Đã thấy chạy ở sg, nhìn to, cảm nhận thiết kế bên ngoài đẹp hơn các loại vf khác: 10/10
Chưa chiêm ngưỡng nội thất.",positive,VF7,b8mtVV98MPY,True
197,Vài năm nữa sản phẩm được hoàn thiện thì ngon,neutral,VF7,b8mtVV98MPY,True
198,Chưa cảm tình với xe điện của vinfat cho đến khi xem tipcar làm video này đã thay đổi hoàn toàn về  suy nghĩ và muốn sở hữu luôn vf7 ngay,positive,VF7,b8mtVV98MPY,True
199,Vãi linh hồn đã bán chạy ngoài đường rồi mà còn thử nghiệm là sao ui lại làm jerry bạn thằng tom nữa.,neutral,VF7,b8mtVV98MPY,True
200,"thực sự là nghe nó hơi chênh lệch nhưng mà e đang thực sự quá đắn đo giữa VF7, Sorento 2025 và Santafe 2025",neutral,VF7,b8mtVV98MPY,True
201,"BÁC REVIEW MÀ K MƯỢN BẢN THƯƠNG MẠI , CHỨ BẢN DEMO SAO ỔN BẰNG BẢN MỚI DC",negative,VF7,b8mtVV98MPY,True
202,Xe này rất đẹp,positive,VF7,b8mtVV98MPY,True
203,Điều hoà mát sâu vì lập trình ưu tiên làm mát cabin không tối ưu mát pin nữa. Tuổi thọ pin giảm nhanh thôi.,negative,VF7,b8mtVV98MPY,True
204,"Chúc tất cả mọi người tháng mới may mắn bình an và mua xe ô tô, chúng ta sẽ luân ưng ý và hài lòng",neutral,VF7,b8mtVV98MPY,True
205,"Ai mà mê lái BMW, Audi, Porsche mà không đủ tiền với tới mấy con này thì VF7 plus là lựa chọn phù hợp nhất ! 😁",positive,VF7,b8mtVV98MPY,True
206,"Thế mua mua corolla cross cho rẻ, an toàn và lái đầm chắc :))",negative,VF7,b8mtVV98MPY,True
207,Thêm khéo gấp đôi á ông :))),neutral,VF7,b8mtVV98MPY,True
208,Nhìn to? Con này thuộc dạng nhỏ con trong phân khúc C nha bạn hiền,neutral,VF7,b8mtVV98MPY,True
209,Đi rồi sẽ ghiền xe điện đấy bạn ❤❤❤,positive,VF7,b8mtVV98MPY,True
210,Chuẩn nếu thíc chạy hỗn. Đềpa 0-100 hơn 5s cũng same câyen,positive,VF7,b8mtVV98MPY,True
211,Nhưng mà tiền đâu ra b ơi nuôi k dễ chút nào,neutral,VF7,b8mtVV98MPY,True
212,"​​  đã từng đi cả Cayenne, Audi A8  & VF8 tôi thấy (ý kiến cá nhân) VF8 nhanh , bốc và lướt hơn đó 😅 chỉ cái sạc lâu thôi. Còn nói sướng thì mỗi cái sướng 1 kiểu tùy cảm nhận và sở thích. Ông đã đi cái xe nào trong 3 cái xe kia???",positive,VF7,b8mtVV98MPY,True
213,"​  điện thì vế gia tốc nó nhanh r bác cái đó k phài bàn. Nhg ngoài tốc độ ra handling lực down force hay sở thích cá nhân nữa. Con ev6 gt hay hyundai ioniq 5n nó nhanh hơn siêu xe, hiện giờ nó đang là xe điện nhanh nhất thế giới (trường đua Nurburring với 7 phút 45 còn nhanh hơn Taycan và model S plaid nữa) nhg ko ai coi xe điện là siêu xe cả 😂",neutral,VF7,b8mtVV98MPY,True
214,Bác VA làm video rất chất lượng. Mỗi lần leo dốc có cảnh quay xe leo dốc vào cua. Chứng tỏ ekip đã phải phi xe máy lên trước từng khúc đặt máy quay rồi mới lái xe qua đúng ko bác?,positive,VF7,b8mtVV98MPY,True
215,Vf7 này có vị trí để bánh dự phòng không bác,neutral,VF7,b8mtVV98MPY,True
216,"Chờ VF wild dài cả cổ 😅😅😅 
Không ra sớm t lấy triton 2024 🎉",neutral,VF7,b8mtVV98MPY,True
217,"ủng hộ kênh của anh, không như mấy kênh TRIỆU follow, sặc mùi định hướng và tâng bốc.",positive,VF7,b8mtVV98MPY,True
218,Xịn đấy nhưng e chỉ đủ tiền với vf5,positive,VF7,b8mtVV98MPY,True
219,Vf 7 có bị lỗi nhiều ko ạ.có khó lái ko ạ.e cũng muốn mua vf7 để chạy dv lúc rảnh,neutral,VF7,b8mtVV98MPY,True
220,Đây là chiếc xe tôi nghĩ là có tương lai nhất của nhà VF,positive,VF7,b8mtVV98MPY,True
221,"Xe này ngoài phần chỉnh số bằng nút bấm thì k chê gì. Có điều mình k hiểu lắm là tại sao bản 2 mô tơ thì có thể lắp cả trước và sau, nhưng bản 1 mô tơ thì k ưu tiên dẫn động cầu sau mà lại là cầu trước?",neutral,VF7,b8mtVV98MPY,True
222,"Đã lái thử. Là 1 người trên phương diện đi crv đã 10 năm muốn lên con xe điện để trải nghiệm thì mình có mấy ý như sau 
- không gian ko rộng, chiều cao trần thấp, hàng sau bí vì do thiết kế xe như vậy
- hoàn thiện nội thất nói thẳng ra là ko đáng với con xe 1.2 tỷ bản mua pin. Nhìn nó ko xứng. Ngang cỡ con vf6
- cảm giác lái thì độ xiết vô lăng nó hơi vô lý xí. Lúc bắt đầu thì nhẹ tênh. Bắt đầu chạy thì bắt đầu nó nặng hơi quá đáng. 50km/h mà nó siết như chạy 100km/h vậy. Vần vô lăng lâu dài thì ko thấy thoải mái lắm. Riêng cảm giác cầm vô lăng thì lại thích. Độ nhạy và chuẩn xác thì ok. 8/10. 
- con xe dễ làm quen. Tầm nhìn trước thoáng, 2 bên hẹp. Riêng vụ phanh tái sinh thì nếu vinfast chia 5 mức là đẹp hơn. Mức 2 thì hơi thiếu. Mức 3 thì quá mạnh. Đã để mức 2 lúc phanh thì nó trôi 1 cách sợ sợ. Chắc quen thì sẽ khác. 
- động cơ thì ko nói rồi. Xe điện mà. Siêu khoẻ và ngọt. Ai mà nghiện tốc độ thì chắc chắc sẽ kết ngay,
- dàn chân cứng cáp. Êm nhưng vẫn bồng bềnh, dập tắt dao động ko nhanh lắm. Tầm giá này ko đòi hỏi đc nhiều. 
- thân vỏ vs cách âm tốt. Chắc nịch. Vấn đề này thì Vinfast làm tốt xưa giờ ai cũng biết
Tóm lại. Xe Vf7 ngon ko?  Thưa rằng là ngon. Đáng từng xu ko? Thưa rằng là ko. Tầm giá đó có quá nhiều lựa chọn. Nhưng cái cảm giác lái con VF7 mang lại đúng sướng. Chắc chắn sẽ mua 1 con Vinfast EV. Nhưng hiện tại thì ko",positive,VF7,b8mtVV98MPY,True
223,"VF8 đã trở thành xe taxi, nên nhiều người sẽ lựa chọn VF7.",neutral,VF7,b8mtVV98MPY,True
224,"400km 1 lần sạc là đi tầm 4-5 tiếng sạc 1 lần nếu chạy cao tốc. tôi lái xe ko bao h ngồi đc quá 4 tiếng đau đít lắm. lái tầm 4 tiếng nghỉ tranh thủ sạc là ổn rồi. quan trọng là trạm sạc thôi. mà vin thì trạm sạc cũng ổn( ổn thôi chứ chưa dày, hi vọng trạm sạc mọc dày hơn).",neutral,VF7,b8mtVV98MPY,True
225,"Giá này thì vinfast bán cho GSM chạy taxi tiếp nha. Tay phải bán qua tay trái, tự sx tự kinh doanh tự lái lun kkkk",negative,VF7,b8mtVV98MPY,True
226,xe điện nào của Vin đều bị lỗi tắt máy khởi động lại k được hoặc bị treo. Phải tháo cực âm ra 10-15p rồi cắm lại 😂😅,negative,VF7,b8mtVV98MPY,True
227,2 động cơ thì chắc quá mạnh rồi,neutral,VF7,b8mtVV98MPY,True
228,68dB là bằng cái quạt điện senko ở gió thấp. Ồn dữ chưa,negative,VF7,b8mtVV98MPY,True
229,Vf7 nhìn ngoài bao đẹp luôn.nhất là phần đuôi sau,positive,VF7,b8mtVV98MPY,True
230,"Nói thật chiếc vf7 này là chiếc mình mong đợi nhất, nhưng khi nó ra mình mới coi trên youtube thoi là mình ko còn thích rồi, ngoại hình bị cắt xén làm nó thay đổi wa nhìu, ko còn nhìn ngầu như chiếc concept, xe bị cắt ngang cắt dọc làm nhìn thấy giống hatback hơn là  1 chiếc suv thể thao như chiếc concept, nhìn tếu tếu chứ ko còn ngầu.",negative,VF7,b8mtVV98MPY,True
231,Chiều dài cơ sở dài thì xoay chuyễn trong phố  kó khăn,neutral,VF7,b8mtVV98MPY,True
232,Người có tiền mua xe bình dân sẽ mua xe ngoại..giá này chỉ cho ng nhiều tiền hay thay đổi xe,negative,VF7,b8mtVV98MPY,True
233,"Có nhiều tình huống bác ạ. Có tình huống thì thuê xe máy, có trường hợp thì các bạn di chuyển chạy bộ, có trường hợp thì xe đưa các bạn đến rồi đi lại vài lần để ghi hình, có trường hợp thì bay Flycam.",neutral,VF7,b8mtVV98MPY,True
234, Kỳ công vậy thảo nào Tipcar luôn tạo ra được các video chỉ quanh 10p mà đưa được rất nhiều các thông tin khung hình chất lượng,positive,VF7,b8mtVV98MPY,True
235,"Em cũng giống bác, trước định lấy vf6 mà khi vào khoang nội thất thấy thì chán luôn, chưa kể hàng 2 ngồi vừa không đỡ được chân lại không có khoảng để duỗi chân thoải mái như xe xăng vì ghế xe làm sát với sàn xe luôn. Thiết kế đẹp nhưng chưa hài hòa với không gian bên trong. Phần mêm làm cũng chưa ổn định, nhất là khi hãm tốc độ. Nói chung vf còn nhiều điều phải làm cho các phiên bản sau",negative,VF7,b8mtVV98MPY,True
236,"-ct5wm  đúng luôn bác, hàng ghế sau thiết kế không tối ưu, mặt ghế quá gần sàn nên ko có độ nâng đỡ chân như xe khác, ngồi lâu rất khó chịu, cái này phải cải thiện nhiều.",negative,VF7,b8mtVV98MPY,True
237,Nhận xét chuẩn xác. Công tâm,positive,VF7,b8mtVV98MPY,True
238,"Do thiết kế cho gầm cao lên nên vin cải lùi thui, chứ e34 thì ngồi thoải mái chứ ko như mấy con đời sau, vf5-6-7-9 đều thiết kế tư thế ko thoải mái",negative,VF7,b8mtVV98MPY,True
239,"cần gạt đèn ko nhạy nhiều khi tắt mở phải bấm mấy lần mới đc , cửa sổ nhỏ che luôn gương hậu , trần thấp làm cho quan sát ko đc tốt lắm , nói chung là tệ 7/10",negative,VF7,b8mtVV98MPY,True
240,Tôi củng đi con cx5 đc 7 năm. Củng đang lăn tăn tính đổi gió sang con này. Giờ chỉ đợi thêm tg cho VF tinh chỉnh thêm phần mềm các kiểu rồi sẽ đổi thôi. Nghe b cmt vậy củng yên tâm phần nào,neutral,VF7,b8mtVV98MPY,True
241,giờ giá nó còn 800tr thì có ngon ko bác :v,neutral,VF7,b8mtVV98MPY,True
242,Minh cũng chờ hoàn thiện nữa ui mua.,neutral,VF7,b8mtVV98MPY,True
243,"nội thất Vin vẫn chưa được ổn lắm, nhưng về cảm giác lái và thân vỏ thì ok!",neutral,VF7,b8mtVV98MPY,True
244,"Có cùng ý kiến với bác...sẽ mua nhưng không phải hiện tại, còn quá nhiều thứ để Vinfast hoàn thiện.",negative,VF7,b8mtVV98MPY,True
245,Xe nào mà xe hoàn thiện hết như ae nói. Đẹp và mạnh và cứng như xe tăng thì  ae phải đánh đổi chứ. Nông dân lại muốn cưới hoa hậu❤❤❤,positive,VF7,b8mtVV98MPY,True
246, dân nào mà 1ty2,neutral,VF7,b8mtVV98MPY,True
247, honda crv thì biết. tầm 1 tỷ hơn thì nhiều sự lựa chọn sáng giá hơn nhiều,negative,VF7,b8mtVV98MPY,True
248,Tôi thì lại thấy ngoài đời xấu hơn trên ảnh,negative,VF7,b8mtVV98MPY,True
249,"Cái gì cũng có 2 mặt bác ạ, bác chọn cái gì thì đó là sở thích.",neutral,VF7,b8mtVV98MPY,True
250,Sàn chân hơi cao. Tuy nhiên đây là đặc điểm chung của xe điện. Trắc ngày xưa a nói vậy cho vui,neutral,VF7,b8mtVV98MPY,True
251,Cái cột A làm to thế quan ngại thật sự. Nhất là thói quen đi xe máy lạ kỳ ở HN và tp.HCM,negative,VF7,b8mtVV98MPY,True
252,"Nội thất xấu mà vin ko thay đổi đi , để cái màn hình vênh như bánh đã nướng",negative,VF7,b8mtVV98MPY,True
253,"Vin nhìn chán nhất là cái khoảng trống mênh mông  sau vô lăng, thật cho cảm giác ngồi trước cái vô lăng  công nóng đầu ngang.",negative,VF7,b8mtVV98MPY,True
254,Tại sao không có ai thử off road vậy ???,neutral,VF7,b8mtVV98MPY,True
255,Hôm nào rồi bác làm vf 9 nhé,neutral,VF7,b8mtVV98MPY,True
256,Xe này ko dành cho gia đình mà dành cho dân chơi 😂,neutral,VF7,b8mtVV98MPY,True
257,Vinfast nên ra thêm các mẫu 7 chỗ giá rẻ sẽ thực dụng hơn ở VN hiện tại!,neutral,VF7,b8mtVV98MPY,True
258,Ko nói tới tzan sạc,neutral,VF7,b8mtVV98MPY,True
259,Tay lái mà như Peugeot 3008 thì đẹp,neutral,VF7,b8mtVV98MPY,True
260,So với mức giá thì khá tốt.phù hợp với tính thể thao. Đủ tiền sẽ mua e nó,positive,VF7,b8mtVV98MPY,True
261,"Trắng Auto làm video về VF7 có hơn 1000 lần khen ""quá đẹp"" trong 1 video.  Vinfast cũng là 1 sản phẩm thương mại. Không thể nói là chê là không yêu nước. Chả liên quan mẹ gì",neutral,VF7,b8mtVV98MPY,True
262,Vf7plus phân bổ 2 cầu 50/50 thì xe xăng xin cái tuổi :))))),neutral,VF7,b8mtVV98MPY,True
263,Không có gì để khen ngoại trừ 2 yếu tố Cảm Giác Lái và Mã Lực mạnh. Còn lại ko khác gì .... à mà thôi,negative,VF7,b8mtVV98MPY,True
264,"em góp ý bác, chiếc xe này thiết kế theo phong cách thể thao, bác phải nhấn mạnh việc đó, thể thao thì ko thể đòi vừa sport vừa rộng mọi thứ được (đó là hướng thiết kế gia đinh)",neutral,VF7,b8mtVV98MPY,True
265,Thấy ở ngoài 1 lần. Cái nắp cabo làm 2 đuờng gân góc chạy dọc nắp cabo nhìn sẽ đẹp hơn,neutral,VF7,b8mtVV98MPY,True
266,Con xe đáng mua nhất của VF. Vì nó rẻ hơn VF9 😂,positive,VF7,b8mtVV98MPY,True
267,"Cái ghế nên mỏng lại xíu nữa, xem bác Việt Anh lái mà toàn thấy cái ghế😂, mà nhìn ngang giống mấy chiếc moning kéo dài...",negative,VF7,b8mtVV98MPY,True
268,"Ngoại thất đẹp, nội thất xấu, lái sướng, ngồi sau chán, giá đắt.",neutral,VF7,b8mtVV98MPY,True
269,"Cả người rì viu và người xem đều thiếu hiểu biết chứ sao, nó làm cột A to vậy để điểm an toàn nó cao, lúc bị kẹp thịt với rúc  gầm xe tải mới bảo toàn được tính mạng.",neutral,VF7,b8mtVV98MPY,True
270,Chả hiểu trống hoác thế làm gì cụ nhỉ,negative,VF7,b8mtVV98MPY,True
271,Vf9 có video rồi bác ạ.,neutral,VF7,b8mtVV98MPY,True
272,Giờ ra rồi đó b 😊,neutral,VF7,b8mtVV98MPY,True
273,"Trắng là cộng tác truyền thông mà, TRC thấy chụp ảnh vs ông Vượng",negative,VF7,b8mtVV98MPY,True
274,"Bác đang nói đúng ý em rồi đó, xe này hướng đến thể thao.",neutral,VF7,b8mtVV98MPY,True
275,"Do người em gầy và mỏng đó bác, nên ngồi cảm giác bị lọt.",neutral,VF7,b8mtVV98MPY,True
276,Rẻ mua toy thân vỏ mềm vì bị cắt bớt vật liệu,positive,VF7,b8mtVV98MPY,True
277,-0-2  Xe điện mà ồn tương đương xe xăng. Vỏ chắc mỏng hơn cả Toy.,negative,VF7,b8mtVV98MPY,True
278,-0-2 có tiền mua toyota chưa,positive,VF7,b8mtVV98MPY,True
279,"ở vị thế người lái thì giá con này quá rẻ. Còn hàng sau thì hơi cấn nhẹ, phải độ lại ghế 1 tí",neutral,VF7,b8mtVV98MPY,True
280,"-fx-exness  hàng sau phải nói là tệ, bạn ngồi thử sẽ thấy ghế hẹp, thấp nên hơi cấn chân, cửa kính sau nhỏ, dưới 1m7 thì ngồi ko nhìn đc ra ngoài, chỉ ngắm lên trời.",negative,VF7,b8mtVV98MPY,True
281,Mang con này với con Toy cross ra mà so xem đắt hay rẻ,neutral,VF7,b8mtVV98MPY,True
282, nhưng con Cross nó bán chạy 😂,negative,VF7,b8mtVV98MPY,True
283,"Về nội thất thì em không nói 
Nhưng một số bác cá trê là xe đắt và đi so với mấy con xe nào đó 
em chỉ nhắc nhẹ các bác là vf7 dẫn động 4 bánh toàn thời gian 
Mấy con các bác nhắc tới hình như là dẫn động 2 bánh chước thì phải 
Hai hệ dẫn động em nói trên các bác tự tìm hiểu đi 
Em nghĩ chắc cũng chênh nhau khá nhiều tiền đấy
Công suất thì 349 mã 
Mô men xoắn 500Nm 
Em không biết nó đắt ở chỗ nào 
em nói thật nếu mua mới 
Với giá như vf7 các bác không bao giờ có thể mua được một con xe 349 mã 500Nm và may mắn thì được dẫn động 4 bánh
Khuyên các bác chước khi nói gì thì tìm hiểu cho kỹ",positive,VF7,b8mtVV98MPY,True
284,"ngắn gọn, xúc tích",positive,VF7,b8mtVV98MPY,True
285,"Bạn nói đúng nhưng vẫn có đứa vô khịa, thật buồn cười đối với nó chắc Vin hoàn hảo không khuyến điểm",neutral,VF7,b8mtVV98MPY,True
286,Bao nhiêu là hợp lý bác,neutral,VF7,b8mtVV98MPY,True
287," thực ra thì nó phụ thuộc nhu cầu bạn sử dụng. Với người dùng xe để phục vụ gia đình như mình thì con này đắt, với tầm tiền 1 tỏi có quá nhiều lựa chọn đi gia đình thoải mái, tiện dụng. Ngược lại vs người thích chơi xe, thích lái bốc thì họ thấy ko đắt.",neutral,VF7,b8mtVV98MPY,True
288,so với crv.. xem xe nào rẻ,neutral,VF7,b8mtVV98MPY,True
289," crv không gian sử dụng vượt trội hơn, kích thước lớn hơn hẳn, thêm nữa crv cũng là loại ngáo giá.",neutral,VF7,b8mtVV98MPY,True
290,"​  CRV nó bán nhiều hơn, nội thất rộng hơn. Ok",neutral,VF7,b8mtVV98MPY,True
291,Chắc phải giá rẻ như wave tàu mới hợp với ý của bạn. Rẻ còn đòi phải chất,positive,VF7,b8mtVV98MPY,True
292," nói giống trẻ lên 3 thế, nó đắt so vs giá trị của nó thôi, cố chấp vậy, rẻ thì đã chạy đầy đường như cx5 rồi:)",negative,VF7,b8mtVV98MPY,True
293,Xe điện muốn rẻ mua chiếc tiểu lôi  kìa ông kẹ,positive,VF7,b8mtVV98MPY,True
294," mua vf7 ko, làm clip lên nào, xe rẻ ngon mua đi chứ :)",neutral,VF7,b8mtVV98MPY,True
295,"Ông  tỉ phú Jack Ma đã từng nói làm hài lòng người giàu thì rễ, còn làm hài lòng người nghèo thì cực kỳ khó,",neutral,VF7,b8mtVV98MPY,True
296,"-o4y  người giàu mà lại hài lòng vs vf7 á :). Bớt ngáo lại đi, xe bình dân thôi mà làm như Bim vs Mec",neutral,VF7,b8mtVV98MPY,True
297,"Xe Vin đẹp  thế , chắc chắn thế mà sao 0 thấy 1 ông lãnh đạo nào hay 1 cơ quan nhà nước nào mua hết vậy ta ? Mà toàn thấy đi xe Nhật , Đức,  Mỹ không vậy",negative,VF7,b8mtVV98MPY,True
298," bạn ko thấy họ đi xe vin vì bị mù nha, đừng có mỗi câu đấy",positive,VF7,b8mtVV98MPY,True
299,xe này đắt và các mấu nối hàn quá thô. Mình đã trải nghiệm. Tất nhiên là xe thì nên xem xét chất lượng hơn những cái đó ngoại thất k đáng so sánh. Nhưng những cái đó xứng đáng so vs 1ty2 bỏ ra. Trong khi cx5 của mjh mua thì rẻ hơn mà các mấu hàn nối xe đẹp mịn. Mất gì mà hãng k lm mịn rồi sơn lên chứ. Lm mất thẩm mỹ quá mức.,negative,VF7,b8mtVV98MPY,True
300," hoàn thiện của xe vf vốn kém rồi bạn, nhưng người ta cứ lờ đi thôi. Con vf5 nhiều xe đóng cửa còn khó vào, đóng nhứ phá, trải nghiệm xanh sm là hiểu chứ ko phải lỗi 1 2 xe, trên youtube cũng có nhiều video làm rồi.",negative,VF7,b8mtVV98MPY,True
301,Vãi cả giá đắt 😂😂,negative,VF7,b8mtVV98MPY,True
302, vậy làm con xe nhật còn dư 300 củ để đổ xăng với bảo dưỡng.mấy cái đồ điện càng hiện đại nó càng lỗi.để rồi xem,negative,VF7,b8mtVV98MPY,True
303,Commen bất lực :),neutral,VF7,b8mtVV98MPY,True
304,Có tiền ko😂😂,neutral,VF7,b8mtVV98MPY,True
305," lại fan vf nhưng đi xe máy đây à, mua xe làm video lên xem nào :D",neutral,VF7,b8mtVV98MPY,True
306,Như câu mình vẫn hay nói. Hàng VN giá nên ưu đãi hơn xíu. Chứ giá ngang or cao hơn thương hiệu nước ngoài cứ thấy k đáng tiền. Như những mẫu VF ở ngoài Vn mà giá rẻ hơn VN đúng hài hước.,negative,VF7,b8mtVV98MPY,True
307,Hàng tàu nữa,negative,VF7,b8mtVV98MPY,True
308,"xe nay ma ong che nua thi toi chiu , giá đắt thì công nhận",negative,VF7,b8mtVV98MPY,True
309,​  cấu hình phần cứng như thế thì e không nghĩ nó đắt đâu,positive,VF7,b8mtVV98MPY,True
310, về giá thì xe Vin ko hề dat so với chất lượng ; cả xe xăng và điện .Q,positive,VF7,b8mtVV98MPY,True
311,Tôi đồng ý hoàn toàn với ý kiến của bạn,negative,VF7,b8mtVV98MPY,True
312,Đã mua và dùng chưa?,neutral,VF7,b8mtVV98MPY,True
313,"Tôi đồng ý nhận xét của bạn về  ghế phía sau và nội thất . Nhưng nó không đắt .
Hy vọng phiên bản sau chiếc xe này được cải thiện những mục này .  
Dù không thích xe tàu nhưng nhìn cái phần nội thất của nó mê thật . Mọi người hãy xem qua chiếc Changan Huawei để thấy nó đẹp cỡ nào .",neutral,VF7,b8mtVV98MPY,True
314,"Độ hoàn thiện hàng ghế sau rất tệ, nhất là khi gập hàng ghế sau lại, nhìn cứ thô thô.",negative,VF7,b8mtVV98MPY,True
315,Có tiền chưa mà cào phím m,neutral,VF7,b8mtVV98MPY,True
316,Nó chỉ mất hàng ghế sau còn giá thì quá dẻ. Vậy còn kêu đắt thì chịu. Linh kiện khung gầm toàn của zf,positive,VF7,b8mtVV98MPY,True
317,"Chịu mấy thằng vf, nhận xét khen thìbnos đồng ý, chê 1 2 điểm thì vào khịa hội đồng. Xin hỏi bọn mày là xe ngon thế, ko điểm nào chê mà giá lại rẻ như chúng mày nói thì sao ko nằm top doanh số, bán vẫn kém vậy :)",negative,VF7,b8mtVV98MPY,True
318,"Ngta nói đúng các ông còn nhảy vào cắn 😂 đắt bỏ mẹ ra. Bên Mỹ nó nhập lại mà giá còn ngang bên Việt Nam, xe sx tại Việt Nam ngang giá nước khác nhập 😂.",negative,VF7,b8mtVV98MPY,True
319,"​​ -rb2bq Chú thử tìm hiểu giá xe nhập Mỹ ở Việt bao nhiêu . Và nước khác nước nào , xe điện loại gì ?
Comment thì phải gắn não vào .",positive,VF7,b8mtVV98MPY,True
320,Bác nhận xe chạy lâu chưa. Lên cái clip cho ae mở rộng tầm mắt😮😊,neutral,VF7,b8mtVV98MPY,True
321,"Tôi chê đắt nên ko mua, mấy người khen xe ngon ko chỗ nào chê lại còn rẻ thì chắc chắn là mua rồi, xin clip của họ đi bạn :)",negative,VF7,b8mtVV98MPY,True
322,xe đẹp quá,positive,VF7,DyjJ8dz5t_o,True
323,Mẫu xe VF 7 đẹp OK,positive,VF7,DyjJ8dz5t_o,True
324,Rất chuẩn mình đang đi chiếc này có hub,positive,VF7,DyjJ8dz5t_o,True
325,VF 7 đẹp quá,positive,VF7,DyjJ8dz5t_o,True
326,item này đẹp,positive,VF7,DyjJ8dz5t_o,True
327,vios 2019 có độ dc HUD kèm cảnh báo tốc độ k ad,neutral,VF7,DyjJ8dz5t_o,True
328,Không biết con này đi tn nhưng thấy bên ngoài đẹp thật,positive,VF7,DyjJ8dz5t_o,True
329,Mạnh Linh nay giống NTK Đỗ Mạnh Cường qué,neutral,VF7,DyjJ8dz5t_o,True
330,Rẻ hơn tôi mua VF6+ 2024.,positive,VF7,DyjJ8dz5t_o,True
331,"Càng A to đi càng an toàn, lắp cam360 nữa là oke😅",neutral,VF7,DyjJ8dz5t_o,True
332,eco lắp thêm hub thì như shit luôn vì nó hay lỗi khi up phần mềm,negative,VF7,DyjJ8dz5t_o,True
333,Có nên đổi CRV 2022 lấy Vf7 ko nhỉ😂,neutral,VF7,DyjJ8dz5t_o,True
334,"Cụm đèn pha của ev Vinfast quá đơn giản, trông quá rẻ tiền",negative,VF7,DyjJ8dz5t_o,True
335,nội thất ta nói to xấu dau xấu đớn thua cái con morning xe thì ồn mà kiu êm,negative,VF7,DyjJ8dz5t_o,True
336,Cùng tầm giá 700 lăn bánh thì chọn Vinfast MPV 7 ngon hơn VF7 khá nhiều !,neutral,VF7,DyjJ8dz5t_o,True
337,tầm 700 mua thế nào dc,neutral,VF7,DyjJ8dz5t_o,True
338,"Tôi ngồi sau bản 2 cầu thấy phía sau lắc lắm, mặc dù ghế rất ôm",negative,VF7,DyjJ8dz5t_o,True
339,"Uh hay lắm, đi ban đêm xe người ta phóng qua 2 bên bất chợt thì khỏi thấy luôn nhé, nhất là chỗ đèn đỏ 😂",negative,VF7,DyjJ8dz5t_o,True
340,700 limo gr chứ lấy đâu ra giá của mpv7,neutral,VF7,DyjJ8dz5t_o,True
341,phuộc và lốp k đủ cân. về độ thêm. đi 2 người thôi thì ổn.,neutral,VF7,DyjJ8dz5t_o,True
342,Đi khắp Việt Nam không tốn 1xu tiền xăng 😅😅😅 ngon,positive,VF7,DyjJ8dz5t_o,True
343,"Mỗi ng mỗi gu, sở thích khác nhau. Nhưng nhìn ai review 1 cái j đó mà cứ cho tay vào túi cảm giác coi thg ng xem",negative,VF7,DyjJ8dz5t_o,True
344,chỉ cần độ led nội thất nữa là xong,neutral,VF7,DyjJ8dz5t_o,True
345,"Vô lăng đầm chắc, đánh lái chính xác thì ông cháu lại chê. Ông lại thích kiểu vô lăng nhẹ hều, lỏng lẻo, hỗng hễnh cơ",positive,VF7,DyjJ8dz5t_o,True
346,Xe Vinfast được cái mã bên ngoài thôi chứ chạy bên trong không ngon lắm. Mong trong 2-3 năm tới nữa khi mình có tiền mua xe thì xe cũng cải thiện nhiều để mua. Hoặc là chờ ông thaco ra mắt xe mới,negative,VF7,DyjJ8dz5t_o,True
347,Khâu thiết kế của vin vẫn còn nhiều điểm cần khắc phục. Chờ thêm vài năm nữa mới tính 😬,negative,VF7,DyjJ8dz5t_o,True
348,"mình vừa ra biển vf7p awd tc2 chạy bốc, và pải gọi là rất bốc, pm 1.17 thì vô lăng đã siết hơn và cảm giác lái khá okie
còn lại là vào cua tốc độ cao là sẽ hơi bị cảm giác quăng xe, này là mình nghĩ do xe quá nặng nhưng dàn chân chưa đáp ứng đc
quả cột A thì khỏi nói, sẽ có 1% tình huống nào đó có con xe máy nằm lọt trong cái cột A sẽ tạt đầu bạn và bạn ko biết :)))",neutral,VF7,DyjJ8dz5t_o,True
349,"vf năm nay phải ra bản điện + thêm máy phát điện nhỏ trên xe, có thể giảm lượng pin để giảm khối lượng xe may ra mới bán được, thuần điện k ăn thua",negative,VF7,DyjJ8dz5t_o,True
350,Cảm giác lái ổn định =)) câu này hài vãi :)) xe lắc ngang.. gầm kêu rộp rộp .. tôi chủ xe vf7 2/2025 thấy dàn gầm con vf7 tệ thật,negative,VF7,DyjJ8dz5t_o,True
351,Stop talking and show us some functions.,negative,VF7,DyjJ8dz5t_o,True
352,Chắc riêng mình thấy chiếc này k đẹp😂,negative,VF7,DyjJ8dz5t_o,True
353,Hai ông tay cứ khư khư giữ hàng thế.,neutral,VF7,DyjJ8dz5t_o,True
354,"Đã từng ngồi hàng sau và lái thử. Dập dềnh lắm, khả năng xác xe nặng mà treo phuộc không đáp ứng được. Cùng tầm giá thì gầm bệ honda toy vẫn oke hơn",negative,VF7,DyjJ8dz5t_o,True
355,cột a to nhất phân khúc và cửa sổ trời ko có rèm ủa cái gì đây,negative,VF7,DyjJ8dz5t_o,True
356,Vf7 có đèn nội thất k vậy,neutral,VF7,DyjJ8dz5t_o,True
357,Vinno thì nên mua,negative,VF7,DyjJ8dz5t_o,True
358,Trẻ mà làm gì để mua oto nhanh thế :))) chỉ với :))),neutral,VF7,DyjJ8dz5t_o,True
359,Hàng sau tôi ngồi 4 tiếng thấy  mỏi hơn cả mấy con hạng B xăng,negative,VF7,DyjJ8dz5t_o,True
360,"Chạy 30.000km tiên phong, chạy cực bám đường và đầm. 
Đạp là full lực

Đảm bảo cảm giác lái thì xe < 2 tỷ ko con nào bằng",positive,VF7,DyjJ8dz5t_o,True
361,"Ông bạn này ít tuổi nghe có vẻ hơi khệnh khạng, ngay từ đầu MC hỏi mà ông bạn kia ko thèm chào khán giả, anh em xem kênh mà đi trả lời luôn là mình ko ưa rồi. Dừng xem luôn video",negative,VF7,DyjJ8dz5t_o,True
362,nhìn nó láo :))  tưởng ngầu,negative,VF7,DyjJ8dz5t_o,True
363,Do lạnh thôi mà :v đeo bao tay thì may ra mới bỏ ra ngoài được,neutral,VF7,DyjJ8dz5t_o,True
364,"Lạnh quá bác ạ, bác thông cảm",neutral,VF7,DyjJ8dz5t_o,True
365,"bác nhìn mấy anh em đứng cứ nảy tưng tưng lên thì chắc lạnh quá thôi, thoáng tí :>",neutral,VF7,DyjJ8dz5t_o,True
366,"lạnh vl thì chả đút tay vào áo, bố ông",neutral,VF7,DyjJ8dz5t_o,True
367,"Thôi bỏ đi, led nội thất vớ vẩn lắp vào xe chói mắt lắm, ảnh hưởng tâm nhìn",neutral,VF7,DyjJ8dz5t_o,True
368, chỉ mỏng thôi b. ai kêu độ loại sáng quá đâu,neutral,VF7,DyjJ8dz5t_o,True
369,Chuẩn. Con này trợ lực điện những vẫn có cảm giác điều khiển. Còn nhẹ quá ko phê. Chắc tuỳ cảm nhận mỗi ng.,neutral,VF7,DyjJ8dz5t_o,True
370,Mình tính đổi xăng qua đc giảm 24tr nghe cái hết muôn 😢,neutral,VF7,DyjJ8dz5t_o,True
371,Theo kỹ sư cấp thiên hà phải thiết kế như nào 😅😅😅,neutral,VF7,DyjJ8dz5t_o,True
372,"Đúng đi vf7 thì phải hết sức cẩn thận cột A, lái mới ít kinh nghiệm rất dễ dính",neutral,VF7,DyjJ8dz5t_o,True
373,"Mình đang chạy vf8 lux+ thì đời này dàn chân được nâng cấp nên xe cao hơn khoảng 2cm và treo cứng ngắc. Được cái vào cua hay se chỉ luồn kim cực tin tay, bẻ phát nào gọn phát đó, cảm giác xe dính xuống mặt đường. Hôm trước chạy con 7 awd mới của cậu em cùng cơ quan thì chạy thong dong thì êm thấm hơn con 8 của mình, con 8 nhiều người sẽ ko thích kiểu hơi nảy của nó, nhưng mà chạy tốc độ cao muốn bẻ hoặc vào cua gắt tí thì đuôi xe vẩy nhẹ cũng như xe nghiêng nhiều hơn xe mình. Nói chung là cũng phải đánh đổi thôi",neutral,VF7,DyjJ8dz5t_o,True
374,Không nên mua vf7 chiếc xe đầu tiên. Mình có kinh nghiệm chạy vf7 còn thấy khá hồi hộp đối với giao thông VN,negative,VF7,DyjJ8dz5t_o,True
375," chạy phố vs vf7 thì cứ phanh tái sinh mức vừa, mode eco hoặc normal là ngon
chịu khó quan sát chút là ổn, quả cột A cũng ko ảnh hưởng nhiều, ae thiếu exp thì pải tập thói quen quan sát kĩ hơn thôi",positive,VF7,DyjJ8dz5t_o,True
376,Nghe câu chạy bốc thì bít phog cách chạy như nào r 😂 cột A to hay nhỏ ý nghĩa gì nửa 😂😂😂,neutral,VF7,DyjJ8dz5t_o,True
377," như nào là chạy như nào, xe mạnh thì nói bốc, chứ chẳng lẽ yếu vs ỳ :))))",positive,VF7,DyjJ8dz5t_o,True
378,Bác nói đúng vọt tốt nhưng dừng lại không được thì chết cho bản thân và người chung quanh 😢.,neutral,VF7,DyjJ8dz5t_o,True
379,Chuẩn chủ xe đây rồi :)),positive,VF7,DyjJ8dz5t_o,True
380,to nhưng vật liệu bằng gì nó mới quan trọng,neutral,VF7,DyjJ8dz5t_o,True
381,"Đầu 2025 thì vf7 nó vẫn là dạng đời đầu. Đi vẫn kém.
Nhà mình vf89 đời đầu thực sự kém. Nhất là vf8 bị một lần sập vành trên cao tốc, kiểu như xe nặng xong gãy vành nhẹ. Trục nó mài vào vành tạo thành phoi như kiểu bào gỗ luôn. May không bị húc đít.
Được bảo hành free nhưng từ đó về sau lúc đi vào cua cứ ghê ghê răng.",negative,VF7,DyjJ8dz5t_o,True
382,Bác nói sau chứ mih thấy vf7 plus mình mua nữa năm 2025 cảm giác láy quá ok,positive,VF7,DyjJ8dz5t_o,True
383,"không phải dàn gầm chán đâu bác ạ, mà là khối lượng chiếc xe cảm giác giàn gầm chưa đủ vững để giúp xe vận hành ý ,vf6 plus em đi cũng bị như vậy ,vf8 và 9 ngồi đc mấy chuyến đi xa cũng có cảm giác y hệt luôn",negative,VF7,DyjJ8dz5t_o,True
384,​  này bác nói chuẩn này. Do nó quá nặng phuộc yếu sẽ bồng bềnh laqcs ngang và mấy bác vf7 8 plus kêu đi 2 3 năm đã méo vành và nứt do xe nặng mà đi băm ổ gà nhỏ thôi đã dính,negative,VF7,DyjJ8dz5t_o,True
385, Vậy hệ thống treo ko thuộc dàn gầm ak :)) mà còn phải bảo là dàn gầm ko chán :)) nếu bạn đã thực sự đi qua nhiều loại xe thì bạn ms thấy đc dàn treo con VF7 chán cỡ nào.. còn mới đi xe thì cứ tận hưởng cái sự sung sướng của bạn vs VF7 đi :)) mình cũng đi VF7 sau 3 đời xe và thật sự đến vs xe điện vì thời điểm này nó rất tiết kiệm.. và cũng đẹp nữa.. nhưng không thần thánh nó vì VF7 hoàn thiện thực sự chán về dàn treo và chi tiết hoàn thiện,negative,VF7,DyjJ8dz5t_o,True
386,​  là dàn gầm tệ chứ còn gì nữa =))) đi tệ ng ta bảo tệ còn ngụy biện,negative,VF7,DyjJ8dz5t_o,True
387,Bác đi bản 1 cầu hay 2 cầu thế?,neutral,VF7,DyjJ8dz5t_o,True
388, Mình đi eco 1 cầu :)) vào XDV thì ae kỹ thuật đã xác nhận tiếng kêu ở gầm và cbi đc thay thước lái ở 3v2 km.. còn dàn treo sau thì ae cố vấn nói là tình trạng chung của VF7 rồi :)) xe nặng mà giảm xóc yếu nên ko dập tắt giao động nhanh đc nên cảm giác lắc ngang rất nhiều,negative,VF7,DyjJ8dz5t_o,True
389,"Dàn treo và hệ thống lái con này chán lắm, dàn treo và hệ thống lái con limogreen còn ngon hơn vf7. Ồn thì con nào tầm tiền này cũng ồn như nhau.",negative,VF7,DyjJ8dz5t_o,True
390,"Tui đang chạy vf7 nè, chạy rất đầm chắc, pin nằm dưới gầm nên ổn định , cực đầm",positive,VF7,DyjJ8dz5t_o,True
391," cảm giác nặng xe nó khác với đầm bác ạ, cái xe vf6 plus của em bé hơn mấy con hạng B kha khá mà nặng gần 1t8 ,xe bám đường đấy nhưng hệ thống treo chưa đủ chắc lên lùng bùng lắm bác ạ",negative,VF7,DyjJ8dz5t_o,True
392, đi xe đức hoặc lux a. Nó đầm là do tinh hoa cơ khí kỹ sư thiết kế nên cái chất đầm của nó rất ngon. Còn xe điện vin đầm chỉ đơn giản là do nó nặng thôi. Chứ chất kỹ thuật thì chưa ngon.,negative,VF7,DyjJ8dz5t_o,True
393, tiến hốc bánh và gầm xe dội vào ồn lắm😢,negative,VF7,DyjJ8dz5t_o,True
394,-Tuna ồn nữa b 😢,negative,VF7,DyjJ8dz5t_o,True
395,"​  không tệ đâu bác ,chả phải bênh nhưng cái j đúng là phải khen ,bác thử hôm nào ra gara hỏi ngta có xe điện vào mà xem dàn gầm sắt thép phuộc này nọ hơi bị tử tế đấy ạ ,chả qua là hãng xe mới với cả xe điện nó rất nặng nên ngta sẽ cải thiện qua từng phiên bản thôi bác ạ ,bác thử ngó gầm mấy con b cùng phân khúc vf6 em đố nhìn gầm con nào tử tế hơn hẳn ấy ạ",positive,VF7,DyjJ8dz5t_o,True
396," thanh niên cãi cùn thật, xe nặng sao k làm khung gầm nó chắc chắn hơn, đến quỳ luôn.",negative,VF7,DyjJ8dz5t_o,True
397, đúng 😂,neutral,VF7,DyjJ8dz5t_o,True
398,Bn đi xe máy là đẹp r,neutral,VF7,DyjJ8dz5t_o,True
399,"Trời lạnh ông ạ, hơi run",neutral,VF7,DyjJ8dz5t_o,True
400,Cùng tầm giá 750tr gầm bệ Honda Toy nào hơn chỉ mình mở mang với,neutral,VF7,DyjJ8dz5t_o,True
401,Bản 1 câu đỡ dập dềnh hơn hẳn đấy. Bác đi 1 cầu hay 2 cầu thế?,neutral,VF7,DyjJ8dz5t_o,True
402,"Mọi sự ss đều khập khẹo, có chê thì phải có kiến thức nha bạn",neutral,VF7,DyjJ8dz5t_o,True
403,bản base này k có cửa sổ trời :D,neutral,VF7,DyjJ8dz5t_o,True
404,​  ko có rèm 😂,neutral,VF7,DyjJ8dz5t_o,True
405, ?,neutral,VF7,DyjJ8dz5t_o,True
406,Độ vào thì có :)),neutral,VF7,DyjJ8dz5t_o,True
407,"Mỗi người một sở thích, vậy ông là nhật nô😂hay Hàn nô?",neutral,VF7,DyjJ8dz5t_o,True
408,"​  lời quá hay, mấy đứa tự nhục nó hay vậy đó ông ak 😂",positive,VF7,DyjJ8dz5t_o,True
409,TOYONO HAY KIANO HAY MANO HAY HUYNO HAY HÁNNO HAY MỸNO,neutral,VF7,DyjJ8dz5t_o,True
410,Toàn vay thôi,neutral,VF7,DyjJ8dz5t_o,True
411,"sinh năm 2000 năm nay 27 tuổi rồi, mua oto là quá bình thường bạn ạ, mức bình thường của xã hội thôi. Nếu bạn cần tham khảo thêm thì mình có thể chỉ cho bạn những người còn trẻ hơn mà tài sản đã chạm mốc triệu đô rồi, tất nhiên là tự thân nhé",neutral,VF7,DyjJ8dz5t_o,True
412, đối đáp hay tặng 100đ,positive,VF7,DyjJ8dz5t_o,True
413,"ông đi ké thì tôi ko nói, còn nếu chủ xe tôi chỉ cho chỗ làm lại ghế sau, 2tr5 là ngon luôn",neutral,VF7,DyjJ8dz5t_o,True
414,​ -ck7lk t xin thông tin,neutral,VF7,DyjJ8dz5t_o,True
415,ngồi sau mệt lắm. được duy nhất 1 cái là bốc thôi.,negative,VF7,DyjJ8dz5t_o,True
416,dưới 2 tỷ có bmw 330i rồi bác :)),neutral,VF7,DyjJ8dz5t_o,True
417,"Con này ng trẻ chưa có knghiem và thích trải nghiệm mới dùng thôi, ng mua đi cho gia đình sẽ ko bh mua con này",negative,VF7,DyjJ8dz5t_o,True
418,700 được con này à,neutral,VF7,DyjJ8dz5t_o,True
419,Xe vinfast con nào cũng bị bồng bềnh . Con limogre thì chưa đi thử lên ko Rõ,negative,VF7,DyjJ8dz5t_o,True
420,Vf6 plus hoặc vf7 plus không nên chọn eco,neutral,VF7,DyjJ8dz5t_o,True
421,Tôi nói thật ông nào thương vợ thương con thì đừng mua cái con xe này về rồi cuối cùng hòa lại rớt vào thân. Nó lại sắp hủy mẫu ra sản phẩm mới tiếp nữa rồi. Mua về sau này cũng thành cục sắt vụn thôi. Chưa kể nó như quả bom nổ chậm sẵn sàng chảchảy bất kỳ lúc cháy bất kỳ lúc nào,negative,VF7,DyjJ8dz5t_o,True
422,Tao đéo dư tiền nên tao đéo tin VINFAST 😂,negative,VF7,DyjJ8dz5t_o,True
423,Thế nên mua con nào,neutral,VF7,DyjJ8dz5t_o,True
424,Đúng rồi mua cho gia đình cứ 2 3 tỷ mà múc😂😂,neutral,VF7,DyjJ8dz5t_o,True
425,"Đúng rồi, mua đi 1 mình mà",neutral,VF7,DyjJ8dz5t_o,True
426,Tầm 750 bạn ơi,neutral,VF7,DyjJ8dz5t_o,True
427,Limo nó ra sau.Cải tiến thêm nhiều về khung gầm và cách âm r,neutral,VF7,DyjJ8dz5t_o,True
428,Lý do vì sao không nên chon eco bạn,neutral,VF7,DyjJ8dz5t_o,True
429,-v2ztrải nghiệm bạn sẽ thấy bản eco thiếu nhiều chức năng,neutral,VF7,DyjJ8dz5t_o,True
430,Tùy nhu cầu thôi,neutral,VF7,DyjJ8dz5t_o,True
431,Chạy ăn từng bữa như chú thì,neutral,VF7,DyjJ8dz5t_o,True
432,tháng này chưa đóng tiền trọ kìa em,neutral,VF7,DyjJ8dz5t_o,True
433," 3 tháng r Vin chớt rồi dậy ăn mùng thôi ông cháu ơi. VINFAST bán thân rồi dậy ăn mùng thôi. XE VIN rả sắt vụn hết rồi, bán đồng nát hết rồi bạn ơi, dậy dậy ăn mừng cho chiến thắng này bạn ơi.",negative,VF7,DyjJ8dz5t_o,True
434,Nhục nhỉ?!,neutral,VF7,DyjJ8dz5t_o,True
435,vậy cũng khoe,neutral,VF7,DyjJ8dz5t_o,True
436,"yep, đi xe máy cho lành ha bạn",neutral,VF7,DyjJ8dz5t_o,True
437,"Nó mang phong cách của VF- 7, nhưng phóng khoáng hơn, đẹp hơn, trẻ trung và giá .. .mền hơn.",positive,VF8,oRLqiesRwwY,True
438,Phải có 7 chỗ,neutral,VF8,oRLqiesRwwY,True
439,"Khi người ta chế tạo được pin xe điện đủ mạnh và phổ thông,thì công nghệ sẽ nhảy vọt lên một tầng cao hơn.😊",neutral,VF8,oRLqiesRwwY,True
440,"Chủ kênh có tìm hiểu trước khi lên bài kg? Thông tin đưa sai tùm lum. Bản 2026 all new chỉ có 1 cấu hình thì sao có eco hay plus? Còn nếu nói Vf8 2026 thì sao lại đưa ảnh của Vf8 all new? 
Trục cơ sở hay chiều dài cũng đều đưa loạn hết lên",negative,VF8,oRLqiesRwwY,True
441,con xe này làm ra lại chạy taxi thôi,negative,VF8,oRLqiesRwwY,True
442,CÁC BANH MUA 1TY CHẠY 3 NĂM BÁN LẠI .500 TRIỆU THÌ CÁC BẠN NGHỈ GÌ,neutral,VF8,oRLqiesRwwY,True
443,"Trước khi làm Video bạn lên tham khảo đầy đủ, chính xác các thống số của xe VF8 cũ và VF8 all New rồi hãy đăng Video, như vậy Video mới có giá trị cho mọi người tham khảo. Ở video này mình thấy thông số xe VF8 cũ và VF8 mới cứ loạn xạ, lẫn lộn hết với nhau, râu ông nọ cắm cằm bà kia",negative,VF8,oRLqiesRwwY,True
444,Vf8 mới làm j có HUD mà bạn review như thế?,neutral,VF8,OWkOFWcv--o,True
445,A review thêm 1 nhánh sản phẩm nữa. Hay quá.,positive,VF8,OWkOFWcv--o,True
446,Em mới mua VF7 eco thấy rất ngon ạ,positive,VF8,OWkOFWcv--o,True
447,Chắc VF9 còn xịn hơn nữa quá!,positive,VF8,OWkOFWcv--o,True
448,"Vẫn nên có HUD, 1 option cực kỳ cần thiết",neutral,VF8,OWkOFWcv--o,True
449,Không còn HUD đâu bạn,neutral,VF8,OWkOFWcv--o,True
450,Bản này không có HUD.,neutral,VF8,OWkOFWcv--o,True
451,HUD ở vf8 cũ quá đẳng cấp sang thể hệ mới ông lại cắt đi để tối ưu chi phí chán ,negative,VF8,OWkOFWcv--o,True
452,Vf8 mới nội thất đẹp nhưng ngoại thất bên ngoài thì xấu điên đảo,negative,VF8,OWkOFWcv--o,True
453,Nội thất nhìn chán,negative,VF8,OWkOFWcv--o,True
454,"xấu đau đớn, cắt giảm để giảm chi phí so với vf8 cũ thì chán quá a à",negative,VF8,OWkOFWcv--o,True
455,Nói thật lòng thì vf8 mới xấu quá,negative,VF8,OWkOFWcv--o,True
456,"Nội thất hơi lởm , với cả vẫn lăn tăn chuyện 40 cái máy tính nó nói chuyện với nhau  😑",negative,VF8,OWkOFWcv--o,True
457,"a quảng cáo hơi quá rồi, vf8 mới ko có hud & màn hình xe VF chưa bao h mượt cả, e chủ xe vf7 đây màn hình chậm như điện thoại cảm ứng đời 2010. Mượt thì phải màn xe trung, màn VF khởi động xe lên phải 2-30 giây mới khởi động xong",negative,VF8,OWkOFWcv--o,True
458,"Thực sự chưa hiểu giờ giá của VF8 còn thấp hơn cả VF7
Định vị VF8 còn thấp hơn VF7 ak
Nhìn ngoại hình giống như phiên bản to hơn của VF7",neutral,VF8,OWkOFWcv--o,True
459,"Con 8 mới quá ngon
Nhìn đơn đặt cọc thì biết
Chắc 8 ngày bằng mấy năm hán vf8 cũ quá",positive,VF8,OWkOFWcv--o,True
460,VF8 cũ là thuê hẳn studio nổi tiếng thiết kế. Còn con mới thì đơn thuần giống một con xe điện TQ bình thường.,negative,VF8,OWkOFWcv--o,True
461,"​ -u8l con này cũng Ý thiết kế nhé bạn, Torino Design. Chẳng qua là con này khả năng để đánh thị trường giá rẻ Châu Á nên nó kg sang như bản cũ đánh thị trường Âu Mỹ. Chứ kg thì update cái thiết kế cũ VF8 là ngon, tương tự VF7 cuối năm ra thiết kế giống đời cũ.",neutral,VF8,OWkOFWcv--o,True
462,"doanh số ko đạt thì phải thay đổi thôi, kinh doanh mà",neutral,VF8,OWkOFWcv--o,True
463,Thực dụng mới là cái tốt nhất! Đẹp nhưng bán không chạy cũng vứt à,positive,VF8,OWkOFWcv--o,True
464,K có tiền sẽ chê😂,positive,VF8,OWkOFWcv--o,True
465,VF8 cũ trông hơi cục mịch giành cho người hơi già chứ bản mới này thì quá đẹp rồi,positive,VF8,OWkOFWcv--o,True
466,méo hiểu đi được tới cái xe nào rồi mà vẫn bảo cái nội thất này là lởm??? Méo hiểu nổi cái định nghĩa lởm là muốn nói tới cái gì 😂,positive,VF8,OWkOFWcv--o,True
467,Màn con này mượt thật. Ngay mấy con vf 6 vs 8 bên ấn còn mượt. Có vẻ ae vn làm tester phầm mềm hơi bị lâu,positive,VF8,OWkOFWcv--o,True
468,và cắt giảm đi một số thứ h,negative,VF8,OWkOFWcv--o,True
469,"quả đầu hơi xấu nên bản màu đen này đúng đẹp nhất, màu khác nó lộ cái mặt trc đen to quá",neutral,VF8,YeiP5eJwZj4,True
470,có vẻ cải tiến rất tốt so với thế hệ cũ. nói chung là tích cực.,positive,VF8,YeiP5eJwZj4,True
471,"Xi nhan mà nó nên full màn hình thì rõ ràng và đẹp hơn là góc nhỏ bên phải, màn hình sau volang to ra tý nữa thì ok. Ghế  lì k có chỗ đễ móc treo đồ nữa.",negative,VF8,YeiP5eJwZj4,True
472,Thêm cái HUD thì kết. Mình rất thích HUD,neutral,VF8,YeiP5eJwZj4,True
473,Màu đen đẹp đó,positive,VF8,YeiP5eJwZj4,True
474,"Nếu có bản plus tôi nghĩ vf8 all new cần điều chỉnh một số thứ như sau
1. Khử tiếng tạch khi bật xi nhan
2. Hãy đưa cần số lên sử dụng trên màn hình và có nút bấm dự phòng trên vô lăng tạo ra sự tiện lợi.
3. Chỉnh vô lăng thay sang chỉnh điện
4. Hai cần gạt phía sau: cần bên trái chỉnh xi nhan và đèn pha , cần bên phải chỉnh gạt mưa và adas 
Cần số là cần gạt sau vô lăng thì chỉ phù hợp với vf3 vf5 và vfe34 nếu có bản all new.Còn vf6 vf7 vf8 vf9 phải đưa lên màn hình và nút bấm dự phòng mới hiện đại chứ. Tự nhiên hai cần gạt phía sau đi sao chép nguyên bản so với vf3",neutral,VF8,YeiP5eJwZj4,True
475,đáng nhất là hệ thống camera và giao diện camera,positive,VF8,YeiP5eJwZj4,True
476,Đẹp hơn bản cũ nhất là cái đầu xe 😂,positive,VF8,YeiP5eJwZj4,True
477,"Cái mặt ca lang xúc phạm con mắt thật sự. Sao không ốp giả cái mặt lưới tản như lux SA, lux A nhìn mạnh mẽ, sang chảnh hơn, này trông như kiểu bị tháo mất cản trước :v",negative,VF8,YeiP5eJwZj4,True
478,"Vf thời đầu mời chuyên gia châu âu, sau đó chuyên gia hàn quốc, còn con này mời chuyên gia bên trung, nên xe giống trung quốc ở phần nội thất😂",negative,VF8,YeiP5eJwZj4,True
479,Là 1 vinno nhưng k thể khen con này được. 1 con xe all new 2026 nhừng khác gi 2022,negative,VF8,YeiP5eJwZj4,True
480,Cách âm độ ồn trên xe có tốt không anh,neutral,VF8,YeiP5eJwZj4,True
481,Limo Green 5chỗ,neutral,VF8,YeiP5eJwZj4,True
482,Hud xịn sò giờ bị cắt hy vọng bản cao sẽ có,neutral,VF8,YeiP5eJwZj4,True
483,"quả camera trên odo chối thế, thua con tuc 2023 của tôi nữa, ít ra nó còn to với bên nào nó hiện bên đó kk",negative,VF8,YeiP5eJwZj4,True
484,Limo bản prm,neutral,VF8,YeiP5eJwZj4,True
485,Đợi vf8 erev ngon hơn😊,positive,VF8,YeiP5eJwZj4,True
486,"7 chổ thì ngon, chứ con MVP nó thiếu option quá",neutral,VF8,YeiP5eJwZj4,True
487,tự hào hàng việt nanm,positive,VF8,YeiP5eJwZj4,True
488,Lắp biển vuông thì nó lại hợp lý,neutral,VF8,YeiP5eJwZj4,True
489,Trong thiết kế ô tô thì càng xấu lại càng đẹp,negative,VF8,YeiP5eJwZj4,True
490,"Công nhận là đầu xấu bác ạ , cái đuôi chỗ phần đèn cũng xấu",negative,VF8,YeiP5eJwZj4,True
491,"sau đưa ai chủ vf8 cũ đi để đánh giá nhé, chứ review toàn so vf6 thấy ko lọt tai lắm",neutral,VF8,YeiP5eJwZj4,True
492,Cái quan trọng là Khung vỏ có cứng như đời cũ không. Hay va đập cái lại bẹp dúm như Mazda thùng tôn di động,neutral,VF8,YeiP5eJwZj4,True
493,Mẫu cũ đẹp hơn nhiều😢,negative,VF8,YeiP5eJwZj4,True
494,"Em xin kính cẩn , nghiêng mình kính bái, xin kính chào & xin chúc mừng các pác, các pác nà những anh hùng tiên phong của thời đại mới .
Thật gan dạ & oanh liệt. 1 lần lữa , xin khâm phục các anh ....",negative,VF8,YeiP5eJwZj4,True
495,Lúc bật/tắt xi nhan phiên bản cũ lại không có tiếng tạch nhưng ở bản mới lại có tiếng tạch ko biết nó cải tiến kiểu gì luôn. Hơn nữa chỉnh vị trí vô lăng lại không chỉnh điện đi mà lại cứ về chỉnh cơ kiểu cũ nên tôi không thích phiên bản mới này lắm,negative,VF8,YeiP5eJwZj4,True
496,qua gờ vẫn uỳnh uỳnh thế này à,negative,VF8,YeiP5eJwZj4,True
497,Thấy mấy cái bạn khen thì thực ra phiên bản cũ đã fix hết rồi. Không thấy khác biệt gì luôn,negative,VF8,YeiP5eJwZj4,True
498,Mà đằng sau vôlang hơi bé,negative,VF8,YeiP5eJwZj4,True
499,"Ghế phụ vẫn không chỉnh điện, ác ôn thật sự.",negative,VF8,YeiP5eJwZj4,True
500,ko có ý chê nhưng thật sự là nó giống như kiểu vứt chất lượng để đổi lấy giá tiền vứt chất xám để rẻ hơn vậy,negative,VF8,YeiP5eJwZj4,True
501,Xe thiết kế rất đẹp!,positive,VF8,YeiP5eJwZj4,True
502,228 mã lực là phù hợp đường xá việt nam,neutral,VF8,YeiP5eJwZj4,True
503,Này 100% bản ECO r,neutral,VF8,YeiP5eJwZj4,True
504,con này nên là v7 new . cắt giảm nhiều,negative,VF8,YeiP5eJwZj4,True
505,Khi nào thì ra bản vf6 all new bạn nhỉ,neutral,VF8,YeiP5eJwZj4,True
506,"Ủng hộ reviewer mới nổi 😂😂, các ô review to chưa lên vid lái thử ô này lên đầu tiên
Chứng nhận vinno vip 😂😂",neutral,VF8,YeiP5eJwZj4,True
507,"Hơi phì đại nha bạn =)) 
Tui nói bạn đếy 😂",neutral,VF8,YeiP5eJwZj4,True
508,tôi cũng lái vf6 giống bác chủ có ý định đổi vf8 bản cũ tầm 700 thì theo ae có ráng thêm chút để lấy vf8 all new ko ae,neutral,VF8,YeiP5eJwZj4,True
509,"nhanh thế, full đen đẹp quá nhỉ, xúc",positive,VF8,YeiP5eJwZj4,True
510,Cam phản hồi rất nhanh khi bật nhan hoặc vào số lùi,positive,VF8,YeiP5eJwZj4,True
511,"Đơn giản là người có tiền, thích trải nghiệm những công nghệ mới đó bạn. 
Nhưng mà bạn sai chính tả và dùng từ như ngáo đá thế 😅",neutral,VF8,YeiP5eJwZj4,True
512,-lu1zg  ; hahahahahahaaaaaaaaa,neutral,VF8,YeiP5eJwZj4,True
513,màu đen ok hơn hẳn trắng với đỏ bác ạ,neutral,VF8,YeiP5eJwZj4,True
514,"Thừa luôn, đường VN 180 mã là đủ r",neutral,VF8,YeiP5eJwZj4,True
515,"Mã lực phải chia cân nặng xem bao nhiêu mã/kg, thứ 2 là xe khoẻ càng an toàn, thích vượt là vượt đc, đường vn max 120km/h ko có nghĩa là đi xe yếu cũng đc, tối đa 120 nhưng con xe khoẻ lên 120 khác con xe yếu bác ơi",neutral,VF8,YeiP5eJwZj4,True
516,"​ -u6r  thì mới nói 200 mã là phù hợp đó. Chứ mấy con mpv nhỏ hay suv rẻ ở VN toàn máy 1.5 hoặc 1.5T thì đc nhiêu đâu. Loanh quanh hơn trăm mã, 150 mã",neutral,VF8,YeiP5eJwZj4,True
517,228 mã 350nm và tăng tốc từ 0-100km/h trong khoảng 8s là khá phù hợp với đa số nhu cầu rồi bác nhỉ?,neutral,VF8,YeiP5eJwZj4,True
518,"Mình nghe ngóng được thì ban đầu là cuối năm nhưng khả năng đang bị hoãn để nhường cho chiếc Wild bác ạ

Đăng Nguyễn",neutral,VF8,YeiP5eJwZj4,True
519,"Chúng mình luôn mong muốn đưa thông tin nhanh nhất tới độc giả thôi, cảm ơn bạn đã ủng hộ ^^ 

Cấn Hưng",positive,VF8,YeiP5eJwZj4,True
520,Uh tôi biết mà :)) dạo này ít thời gian thể dục quá 😅😅,neutral,VF8,YeiP5eJwZj4,True
521,Đen là màu đẹp nhất rồi bác ạ,positive,VF8,YeiP5eJwZj4,True
522, này là bản thương mại chưa e?,neutral,VF8,YeiP5eJwZj4,True
523,Chuẩn luôn bác,positive,VF8,YeiP5eJwZj4,True
524,Trần thấp hơn bản cũ hay sao ấy nhỉ,neutral,VF8,YeiP5eJwZj4,True
525,"thực tế tên là vf7 thôi,",neutral,VF8,YeiP5eJwZj4,True
526,"Nhỏ gọn, chắc chắn, form dáng hiện đại, vận hành êm ái, giá cả hợp lý, cứ bán mỗi tháng 5000 chiếc là thành xe gia đình quốc dân thôi 🤠",positive,VF8,YeiP5eJwZj4,True
527,"Đuôi vuốt coupe giống vf7, đẹp vãi",positive,VF8,YeiP5eJwZj4,True
528,"xin nói về góc độ kinh tế e thấy, bác nào mua vf8>7>6 thì góp lợi nhuận cho Vf tương ứng độ lớn như vậy😊",neutral,VF8,YeiP5eJwZj4,True
529,"0:24 trước các ông chém nào là treo thích ứng các kiểu kia mà, chưa gì sòng sọc rồi",neutral,VF8,YeiP5eJwZj4,True
530,Cái này đúng phải gọi là phiên bản 7.5 All New. Chứ nó có giống VF 8 cũ đâu,neutral,VF8,YeiP5eJwZj4,True
531,Adas Vf8 all new này có chức năng định tâm làn đường (Hỗ trợ giữ làn) và Hỗ trợ tự động chuyển làn giống như Vf6 Plus không bạn?,neutral,VF8,YeiP5eJwZj4,True
532,Bạn đổi cty r ah 😊,neutral,VF8,YeiP5eJwZj4,True
533,"Sản xuất công nghiệp ăn nhau ở sản lượng. Cứ sản lượng cao là khắc rẻ. Bán ít thì lấy đâu giá rẻ kể cả đời đầu. Đời đầu bao giờ cũng là đắt nhất vì sản lượng thấp, khấu hao cao. Còn càng về sau sẽ càng rẻ. Sx công nghiệp là vậy",neutral,VF8,YeiP5eJwZj4,True
534,Thiết kế này em thấy đặt là vf7 all new thì hợp lý hơn,neutral,VF8,YeiP5eJwZj4,True
535,Trước khi lái thử bác check áp suất lốp chưa đó. Xe từ nhà máy về lúc nào asl cũng cao,neutral,VF8,YeiP5eJwZj4,True
536,"Xe chưa ra biển mà lưu thông trên đường, lại quay video. Hơi liều đấy các b",neutral,VF8,YeiP5eJwZj4,True
537,màn hình sau vô lăng là vô duyên nhất,negative,VF8,YeiP5eJwZj4,True
538,Mà tổng thể bản mới này fom xe ngoài nhìn ko sang như vf8 đời cũ,negative,VF8,YeiP5eJwZj4,True
539,"phần mềm nhanh, mượt hơn là do dùng platform của mới. Khác hẳn với vf6789 cũ platform tự VF phát triển.",neutral,VF8,YeiP5eJwZj4,True
540,"Xe đi không êm, phuộc sóc -> cứng vững hơn",negative,VF8,YeiP5eJwZj4,True
541,Hóng VF5 All New và VF3 All New 5 cửa,neutral,VF8,YeiP5eJwZj4,True
542,Treo thích ứng có khác gì không chủ kênh?,neutral,VF8,YeiP5eJwZj4,True
543,"Con này mà có HUD vs ghế phụ chỉnh điện, thông  hơi mát ghế thì đúng vô địch",neutral,VF8,YeiP5eJwZj4,True
544,đuôi vf7 xấu vãi lều,negative,VF8,YeiP5eJwZj4,True
545,làm hẹp cốp đi nhiều chứ có gì hay,negative,VF8,YeiP5eJwZj4,True
546,Nhìn màu đen lì mà ngầu,positive,VF8,YeiP5eJwZj4,True
547,"đã gọi là All New rồi mà còn đòi giống cũ, thua luôn",neutral,VF8,YeiP5eJwZj4,True
548,Mình thấy có LKA. Là hỗ trợ giữ làn. Mình chưa test được lúc chạy nhưng thấy có Giữ làn thì chắc cũng tương đồng như VF6,neutral,VF8,YeiP5eJwZj4,True
549,Khi nào được bạn xem Vf8 2026 có chức năng Kiểm soát  đi giữa làn như Vf8 2025 không nhé,neutral,VF8,YeiP5eJwZj4,True
550,"Vâng, em qua AutoPro cũng nửa năm rồi bác ạ. Cảm ơn bác vẫn nhớ và theo dõi em nha. 

Đăng Nguyễn",neutral,VF8,YeiP5eJwZj4,True
551,"Vf7 thì hơi vướng việc thiết kế của VF7 bây giờ đẹp quá. 

Đăng Nguyễn",neutral,VF8,YeiP5eJwZj4,True
552,"Bọn mình cũng chưa check lại áp suất lốp, nhưng cảm giác xe cứng vững hơn VF 8 là có thật bác ạ",neutral,VF8,YeiP5eJwZj4,True
553,"Về mặt thông số kĩ thuật thì chiếc này nhỏ hơn VF8 cũ bác ạ

Đăng Nguyễn",neutral,VF8,YeiP5eJwZj4,True
554,Chả có plf đ nào vệ tự phát triển cả. Đều dựa trên nền tảng mua về cả,neutral,VF8,YeiP5eJwZj4,True
555,vf có tự phát triển nền tảng plf à:)),neutral,VF8,YeiP5eJwZj4,True
556,Platform ý mình là  android open source của google ấy bác. Vf6789 là tự lấy về sửa nhé. Còn con 8 này là mua luôn phần Os đấy. Vf chỉ làm phần app thôi.,neutral,VF8,YeiP5eJwZj4,True
557,Thời tiên phong đi còn bầy nhầy hơn :)),neutral,VF8,YeiP5eJwZj4,True
558,"VF3 5 cửa, bác thật là biết vẽ việc cho brand đấy =))) nhưng nếu có thật thì buồn cười",neutral,VF8,YeiP5eJwZj4,True
559,"​  Wuling cũng không chịu thua, ở VN thì đem Wuling Macaron 205km 5 cửa giá 269 triệu, ở Indo thì đem Wuling Aira EV 5 cửa giá quy đổi 233 triệu nên VF không chịu đứng yên đâu, nghe đồn tháng 12 có VF3 All New 5 cửa, còn VF5 All New đã thử nghiệm cơ bản xong hết rồi.",neutral,VF8,YeiP5eJwZj4,True
560,"Còn chỗ trống cho vf4 đó, chứ vf3 kiểu nó phải 2 cửa rồi. Giữ đúng mục đích thiết kế.",neutral,VF8,YeiP5eJwZj4,True
561,"​  bảo không có VF4 đâu bạn, ở mấy nước Phương Đông thì số 4 có ý nghĩ không may mắn, nên mới có VFe34 để né số 4 😂",neutral,VF8,YeiP5eJwZj4,True
562,Chưa thực sự test kĩ để thấy được ưu việt bác ạ. Mình thấy ổn định hơn là cái duy nhất dễ nhận thấy. Còn cụ thể thì xin phép hẹn bác 1 video khác mình đi sâu sâu hơn.,neutral,VF8,YeiP5eJwZj4,True
563,Màn HUD vẫn thích hơn cái màn sau volang này. Nhìn tù túng thật,negative,VF8,YeiP5eJwZj4,True
564,Mấy thằng chê chắc mắt có đờm 😊,positive,VF8,YeiP5eJwZj4,True
565,"xe này qua video nhìn nó như kiểu vf7 chứ k phải vf8, cái đuôi với tổng thể cảm giác nhỏ hơn vf8",neutral,VF8,YeiP5eJwZj4,True
566,Bạn nhầm rồi đây là phiên bản VF7 nâng cấp giữa vòng đời nhé,neutral,VF8,YeiP5eJwZj4,True
567,đến bây giờ vẫn chưa có nội thất màu nâu,negative,VF8,YeiP5eJwZj4,True
568,Lấy nguyên khung bên Trung Nguyên về An Nam mà,neutral,VF8,YeiP5eJwZj4,True
569,Con này bật Carplay có bị ẩn  điều khiển điều hòa ko nhỉ,neutral,VF8,YeiP5eJwZj4,True
570,"Vf8 all new nhìn từ đầu đến đuôi, tui cảm nhận là sedan, không có 1 nét suv nào.",neutral,VF8,YeiP5eJwZj4,True
571,quả mâm công nông lạ mắt nhỉ,neutral,VF8,YeiP5eJwZj4,True
572,Nhìn đi qua gờ giảm tốc hệ thống treo như vf5.Quá tệ!!,negative,VF8,YeiP5eJwZj4,True
573,"Đang đi vf8 cũ nhưng quả giao diện nhìn chán , mấy xe trung giao diện công nhận đẹp thật",negative,VF8,YeiP5eJwZj4,True
574,quả vô lăng xấu đau đớn mà không thấy ai chê. Huyndai KIA cũng thế thì bị chửi thậm tệ,negative,VF8,YeiP5eJwZj4,True
575,"Mình cọc rồi, nhưng thấy quả test phuộc cộc 1 phát thế kia thấy cứ sai sai thế nào ý :))",negative,VF8,YeiP5eJwZj4,True
576,Giá tầm 700 ráng ráng mua chiếc,neutral,VF8,YeiP5eJwZj4,True
577,"Không hiểu sao VF8 mới này thông số khá cải lùi nhưng tất cả câc reviewer đều kiểu: nó là phù hợp, dù nó thấp nhưng lại sướng hơn",negative,VF8,YeiP5eJwZj4,True
578,Hóng gói độ HUD,neutral,VF8,YeiP5eJwZj4,True
579,Cái mâm trông chán thật,negative,VF8,YeiP5eJwZj4,True
580,chưa thấy thuyết phục lắm so với vf8 cũ nhỉ :)) chắc phải ra cao tốc test,neutral,VF8,YeiP5eJwZj4,True
581,Khi nhả gas để mức tái sinh nào thì cũng vẫn không sáng đèn hậu. Vinfast cần lắng nghe người dùng để cập nhật phần mềm trên tất cả các dòng xe,negative,VF8,YeiP5eJwZj4,True
582,2 màn hình mà giao diện chưa nâng cấp lên. Cũng nên thay đổi học hỏi UI từ TQ or xe đức.,neutral,VF8,YeiP5eJwZj4,True
583,Nhìn màn HUD trông xe cao cấp hơn là màn sau vô lăng,neutral,VF8,YeiP5eJwZj4,True
584,Tao đang đi vf8 plus 23. Tao chê nè. Mắt tao có ghèn luôn. Chứ đờm gì. Rồi sao nè,negative,VF8,YeiP5eJwZj4,True
585,Nhỏ hơn vf8 cũ thật mà,negative,VF8,YeiP5eJwZj4,True
586,"Mình rất thích nội thất màu nâu, ghi, kem",positive,VF8,YeiP5eJwZj4,True
587,Thật ra thì có dùng chung nền tảng hay không cũng không quan trọng lắm đâu,neutral,VF8,YeiP5eJwZj4,True
588,"=))) phần mềm beta chưa lên carplay bác ạ

Đăng Nguyễn",neutral,VF8,YeiP5eJwZj4,True
589,Sedan thì phần đuôi phải khác,neutral,VF8,YeiP5eJwZj4,True
590,"mấy con này gọi chung là crossover, đếch phải sedan, còn khướt mới đến suv",neutral,VF8,YeiP5eJwZj4,True
591,"​hay không thì nó cũng chỉ là tên gọi thôi, nó không đánh giá xe có rộng rãi thoải mái hay không. Xe điện kiểu này thì không thể làm gầm cao như mấy con SUV xăng được",neutral,VF8,YeiP5eJwZj4,True
592,Ko thấy xấu thì chê sao dc. Huyndai vô lăng con nào giống thế này hú mình. Để check phát nào,negative,VF8,YeiP5eJwZj4,True
593,"mình cũng cọc đen nội thất đen, công nhận test phuộc thốn thật chứ",neutral,VF8,YeiP5eJwZj4,True
594,7l thì chờ 1 vài năm nữa r hãy mua xe cũ :)),neutral,VF8,YeiP5eJwZj4,True
595,App hạng kim cương + bộ đội là 7xx cực bé luôn ý chứ,neutral,VF8,YeiP5eJwZj4,True
596,"Nó tối ưu hơn, con cũ lấy cái mã lực ra khè thôi nhưng xác xe lại nặng hơn gần 1 tấn. Chưa kể những cái tiểu tiết thì con mới này cũng dc thay đổi theo hướng phù hợp ng dùng phổ thông.",positive,VF8,YeiP5eJwZj4,True
597,Lên shopy 350k cấp nguồn usb quẳng lên taplo là có HUD,neutral,VF8,YeiP5eJwZj4,True
598,qua gờ giảm tốc mà xe nó nẩy như tông vào gạch vậy là biết hệ htoonsg treo ko ổn rồi,negative,VF8,YeiP5eJwZj4,True
599,Bạn đi xe xăng nhả chân ga ra thấy có sáng đèn hậu không ?,neutral,VF8,YeiP5eJwZj4,True
600,"Bạn đi xe điện bao giờ chưa, cái phanh tái sinh nó ghìm xe lại như b đi xe xăng mà rà chân phanh vậy đó, đi 50-60 còn đỡ, tầm 100km/h nó giảm tốc cũng bất ngờ đấy. bao nhiêu con limo bị móp đít rồi",neutral,VF8,YeiP5eJwZj4,True
601, Vậy chỉ cần chỉnh phanh tái sinh lại là được thôi ! Làm sao khi nhả chân ga ra nó xuống ga từ từ giống xe xăng là được rồi !,neutral,VF8,YeiP5eJwZj4,True
602,"So với vf màn hình tôi đến lậy bố,mã lực quá lớn tiêu hao pin,k cần thiết,228 mã là dư thuầ r,con xe 160 mã mà sd còn dư sài nói gì xe điện 228 mã có mô men tức thì",negative,VF8,YeiP5eJwZj4,True
603,Xe vf8 mới đẹp tốt lắm .... tôi sẽ mua vf8 cũ 😂,negative,VF8,YeiP5eJwZj4,True
604,Nhìn cách vào số đã thấy ngáo ngơ rồi,negative,VF8,YeiP5eJwZj4,True
605,hẳn là mặc áo mẹc lái vf,neutral,VF8,YeiP5eJwZj4,True
606,phanh tái sinh nó do phần mềm muốn thế nào chả dc. còn vf6 nó ghì mạnh thì bỏ phanh ts đi hoặc để vừa tôi đi vẫn bt có sao đâu,neutral,VF8,YeiP5eJwZj4,True
607,Sao lại đi so với vf6,negative,VF8,YeiP5eJwZj4,True
608,8 loa nha b,neutral,VF8,YeiP5eJwZj4,True
609,"làm sao để được lái thử mấy xe của vin nhỉ, ra show room hỏi lái thử có bị nhân viên chửi k mn =))",neutral,VF8,YeiP5eJwZj4,True
610,Nói thật. Tầm vài năm nữa. Xe VF sẽ đứng đầu thế giới về tất cả mọi mặt. Đố mọi người. Bây giờ tìm đc con xe nào ngon hơn VF đó.,positive,VF8,YeiP5eJwZj4,True
611,"gắng gượng nói tốt gì vậy , qua gờ mà xe cứ rầm rầm như xe tải , thứ khó chịu nhất khi lái xe , xác định mua về phãi thay phuộc , loa thì lõ rẻ tiền",negative,VF8,YeiP5eJwZj4,True
612,Trần có vẻ hơi thấp nhỉ,neutral,VF8,YeiP5eJwZj4,True
613,"Giật title rất đần. hay hơn VF8 cũ, t cười ẻ.",negative,VF8,YeiP5eJwZj4,True
614,Cách âm ổn ko bạn ?,neutral,VF8,YeiP5eJwZj4,True
615,Sao nhìn giống MPV7 thế nhỉ,negative,VF8,YeiP5eJwZj4,True
616,chủ yếu pin còn báo ảo không? hay đang 20% tụt xuống 0% rồi sập nguồn,neutral,VF8,YeiP5eJwZj4,True
617,"Test loa cho mọi người rồi hẳn nói, coi bộ hay quá chê không được nên bỏ qua phần âm thanh phải không?",negative,VF8,YeiP5eJwZj4,True
618,Nhìn ông này lái xe và thao tác cái cần số mà ngứa hết cả mắt,negative,VF8,YeiP5eJwZj4,True
619,"Sao càng nhìn con này càng đẹp nhỉ, mới đầu ra nhìn xấu vãi :))",positive,VF8,YeiP5eJwZj4,True
620,Cay thât chứ ráng thêm xiu nua reveiw cai loa chêt ha,negative,VF8,YeiP5eJwZj4,True
621,"Vf8 cũ 2,6t nhé",neutral,VF8,YeiP5eJwZj4,True
622,Mua đi cho nó đỡ ế bạn ơi. Chứ 6 tháng đầu năm bán được 58 xe thì chắc sắp đóng dây chuyền sản xuất rồi,negative,VF8,YeiP5eJwZj4,True
623,=)) Đang đi ăn sáng thì bắt gặp chiếc vf8 nên nhảy vào quay luôn hehe,neutral,VF8,YeiP5eJwZj4,True
624,"cái phanh tái sinh chỉ nên dùng khi đổ đèo thôi chứ đi đường bằng bật hay tắt tiêu hao pin hơn kém không đáng là bao, mà đi nó mất đà khó chịu bỏ mẹ.",negative,VF8,YeiP5eJwZj4,True
625,"Cảm ơn bác đã bổ sung ạ

Đăng Nguyễn",neutral,VF8,YeiP5eJwZj4,True
626,"Ai chửi bác vậy =))) có nhu cầu thì cứ qua đó hỏi thẳng họ thui. 

Đăng Nguyễn",neutral,VF8,YeiP5eJwZj4,True
627,"Do mình ngồi cao đấy. Cũng chưa điều chỉnh hết

Đăng Nguyễn",neutral,VF8,YeiP5eJwZj4,True
628,"Riêng lái hay hơn là rõ, vf8 đời đầu đặc biệt những bản đầu tiên cách âm và treo siêu tệ",positive,VF8,YeiP5eJwZj4,True
629,Mình thấy cơ bản bác ạ. Đường nội khu trải nhựa tốt quá nên khó đánh giá :) Cách âm môi trường vừa phải,neutral,VF8,YeiP5eJwZj4,True
630,​ban cũ k bác,neutral,VF8,YeiP5eJwZj4,True
631,"Có nét hao hao MPV 7 thật =))) 

Đăng Nguyễn",neutral,VF8,YeiP5eJwZj4,True
632, Con này mà ra sớm hơn e sẽ chọn con này để làm Vinno thay cho chiếc xe xăng b ạ =))),positive,VF8,YeiP5eJwZj4,True
633,Lúc mình chạy là 26-27% thì không thấy sập,neutral,VF8,YeiP5eJwZj4,True
634,Chạy xe vf chưa cu,neutral,VF8,YeiP5eJwZj4,True
635,bản quyền nên họ không đưa vào Video phần Test loa thôi. Bạn đa nghi quá,neutral,VF8,YeiP5eJwZj4,True
636,màu đen nó che hết khuyết điểm phần đầu,neutral,VF8,YeiP5eJwZj4,True
637,"bởi vì nó xấu so với vf8 cũ thật mà , còn so với các xe khác thì vẫn ok",negative,VF8,YeiP5eJwZj4,True
638,"Đó là bản plus, eco nhẹ hơn cỡ 2,3t",neutral,VF8,YeiP5eJwZj4,True
639,Đánh giá chưa chuẩn.,negative,VF8,YeiP5eJwZj4,True
640,"Sao gọi là gằn, gọi là hãm chứ. Bạn review mà ngôn từ hạn chế thế.",negative,VF8,YeiP5eJwZj4,True
641,xấu tệ. nhựa bóng xấu quá. bản cũ đẹp bao nhiêu,negative,VF8,YeiP5eJwZj4,True
642,So như cc vf8 là ở đẳng cấp cao hơn 2 bậc so vf6,negative,VF8,YeiP5eJwZj4,True
643,vf6 mà so với vf8 bị ngáo ak.,negative,VF8,YeiP5eJwZj4,True
644,Vf8 đi so với Vf6? Review như cọc,negative,VF8,YeiP5eJwZj4,True
645,Xấu điên,negative,VF8,YeiP5eJwZj4,True
646,Con xe nhạt nhẽo,negative,VF8,YeiP5eJwZj4,True
647,"mua xe điện thì mua được, nhưng chỉ sợ thiên hạ , chúng ló lói , có tiền mà ngu , không biết mua xe, nên thôi , đành mua & xài xe xăng của Nhật, cho nó lành",neutral,VF8,YeiP5eJwZj4,True
648,Xe tàu loại 4 đội lốt pin thì loại thải tân trang,negative,VF8,YeiP5eJwZj4,True
649,"Có thể nào mang nội thất con vf8 mới vào vf8 cũ không nhỉ, nội thất mới đẹp quá",positive,VF8,YeiP5eJwZj4,True
650,Thì mua bản cũ đi. Kêu ca cái gì,negative,VF8,YeiP5eJwZj4,True
651,"Thì mình bảo do mình đang đi Vf6 thôi. Chứ còn mình vẫn so với vf8 cũ mà n
Đăng Nguyễn",neutral,VF8,YeiP5eJwZj4,True
652,Những con nhạt nhẽo thường sẽ bán chạy,negative,VF8,YeiP5eJwZj4,True
653,Ông đã thử chưa mà kêu nhạt,positive,VF8,YeiP5eJwZj4,True
654,bình thường ra đường bị chửi thẳng mặt vậy ko đó hả sao sợ vậy :)). Chứ ra đường ai ko có người ghét người thương. Nhưng ko mình phải sao để người ta ghét cung ko dám nói trước mặt chứ,neutral,VF8,YeiP5eJwZj4,True
655,"uhmm pạn , từ ngày xài xe xăng , luôn luôn ngủ ngon , chưa bao giờ , gặp ác mộng",negative,VF8,YeiP5eJwZj4,True
656,chỉ cần biết bạn bị chửi thẳng mặt ngu miết hay sao mà sợ. Chứ ngủ ngon ko kệ bạn :)) Bạn uh xác nhận dc rồi,negative,VF8,YeiP5eJwZj4,True
657,"Nhiều người lại bảo nội thất cũ sang hơn bác ạ. Chắc cũng tùy gu

Đăng Nguyễn",neutral,VF8,YeiP5eJwZj4,True
658,hóng vf5 all new quá,positive,VF8,AGEz-wBOvN4,True
659,Có lẽ sẽ có thêm một bản cao cấp hơn với AWD,neutral,VF8,AGEz-wBOvN4,True
660,Mình ý định đặt,positive,VF8,AGEz-wBOvN4,True
661,"hóng nốt vf3,,5,6,7 mới",neutral,VF8,AGEz-wBOvN4,True
662,"hi vọng có bản full option, chứ thiếu cửa sổ trời nên thấy thiếu thiếu, hud nữa",neutral,VF8,AGEz-wBOvN4,True
663,"Con này tối ưu về PIN, công suất, hệ dẫn động để cho ra một cái giá tốt nhất. Quan trọng là nó phù hợp với điều kiện sử dụng cho phần lớn người dùng bình thường. Xe nhẹ hơn 6 ~8 trăm kg thì hạ công xuất xuống ở ngưỡng hơn 228 mã lực với đường xá Việt Nam mình là quá đủ rồi. Dẫn động cầu trước cho một chiếc xe phục vụ gia đình cũng là đủ.có thể sẽ có phiên bản cao cấp hơn Awd cho ae đam mê. Quan trọng là mức giá này đã xuống để nhiều người dễ tiếp cận hơn.",positive,VF8,AGEz-wBOvN4,True
664,Có còn bản plus nữa ko a Trọng vì bản này cảm giác chưa phải là cao cấp nhất,neutral,VF8,AGEz-wBOvN4,True
665,Kích thước không quan trọng bằng kỹ sư tối ưu được không gian bên trong,neutral,VF8,AGEz-wBOvN4,True
666,Em mới này 1 động cơ tương đương vf8 eco đời cũ nhưng vì nhẹ hơn nên quãng đường tăng là đúng rồi,neutral,VF8,AGEz-wBOvN4,True
667,"Mình nhìn mà không rõ radar adas họ đặt ở đâu nhỉ, hay họ chuyển sang dùng full camera rồi ta",neutral,VF8,AGEz-wBOvN4,True
668,"Bản vf8 new này hình như lại không có phanh tự động phía sau như vf7 ad nhỉ, cả vf8 và vf9 cũ cũng không được trang bị như trên vf7",neutral,VF8,AGEz-wBOvN4,True
669,"Theo mình đoán
Pin sẻ là của limo
Khung gầm hệ thống treo cũng sẻ của limo
Vinfast đi chiến lược tôi ưu phụ tùng như này các thế hệ sau sẻ c giá tốt hơn nữa cho xem",neutral,VF8,AGEz-wBOvN4,True
670,zê xầu thoát xác: ahhaah,neutral,VF8,AGEz-wBOvN4,True
671,"Kinh nghiệm là đừng làm khách hàng tiên phong vì các xe mới ra của vinfast sẽ có lỗi rất nhiều, cả oto lẫn xe máy điện. Đấy là cái giá đánh đổi với số tiền giảm tiên phong. Nguyên nhân là do các xe của vinfast có thời gian chạy thử nghiệm rất ngắn nên khó phát hiện ra lỗi, vì thế hãy đợi hãng bán ra 1 thời gian rồi người dùng báo lỗi và đợi hãng fix lỗi rồi hãy mua",negative,VF8,AGEz-wBOvN4,True
672,"Pin nhỏ hơn đi được ngắn hơn vì công bố theo chuẩn NEDC, mẫu này thực dụng hơn bản cũ, tất cả là tối ưu chi phí để giảm giá thành. Mẫu cũ cái gì cũng hơn, nhưng kg bán được thì cũng chả làm gì xét về yếu tố kinh doanh.",neutral,VF8,AGEz-wBOvN4,True
673,Vf5 không thấy đâu,neutral,VF8,AGEz-wBOvN4,True
674,800tr bán không để cọc,neutral,VF8,AGEz-wBOvN4,True
675,Mình thấy không có cửa sổ trời là một thiếu sót đáng kể,negative,VF8,AGEz-wBOvN4,True
676,"Chuẩn, ai chơi xe hiểu xe lại hời mua đời cũ",negative,VF8,AGEz-wBOvN4,True
677,con xe giá 600tr thôi nó cũng để chạy taxi grap rẻ tiền thôi,negative,VF8,AGEz-wBOvN4,True
678,theo mình công an bồ đội giảm 2% còn xăng sang điện 3%,neutral,VF8,AGEz-wBOvN4,True
679,Mấy con sau này chán thật sự luôn,negative,VF8,AGEz-wBOvN4,True
680,"Update. Mình tính sai 1 chút cho chính xác CA, BĐ là kênh O2O chỉ được giảm 1% thay vì 2% như trên video. Làm nhanh video lên kênh nên sai xót. Mong anh em update chính xác nhé",neutral,VF8,AGEz-wBOvN4,True
681,Tầm 800 củ quá ngon luôn ae nhỉ ?,positive,VF8,AGEz-wBOvN4,True
682,"Toyota, KIA, Hyundai, Mercedes.... có bao giờ nó giảm tiền cho Công an, Bộ đội, có bao giờ nó giảm 100% phí trước bạ... Các hãng trên chỉ có móc sạch túi tiền của người dân Việt Nam mà thôi. Và từ ngày Vinfast ra đời thì các hãng ấy mới xem xét lại cách bán hàng của họ.",positive,VF8,AGEz-wBOvN4,True
683,nên đặt tên lại bản này là VF8 Lite hoặc VF8 VIE. Còn bản cũ là VF8 ITL. Vie là bản Vietnam. ITL là bản international quốc tế,neutral,VF8,AGEz-wBOvN4,True
684,chuẩn bị có chuyến đi đâu xa à sếp :)),positive,VF8,AGEz-wBOvN4,True
685,Cứ như kiểu 1 bản tuỳ biến dựa trên nền tảnh mẫu mpv7 ấy nhỉ,neutral,VF8,AGEz-wBOvN4,True
686,Nếu người nhà mình là quân nhân thì ra biển tên mình được không em?,neutral,VF8,AGEz-wBOvN4,True
687,Ko có phiên bản Plus nữa chủ tịt nhỉ? Chơi kiểu cỏ lúa như nhau thế này ae nhiều người lại không thích.,negative,VF8,AGEz-wBOvN4,True
688,Thơi điem này bỏ 1 đống tiền mua xe vf,negative,VF8,AGEz-wBOvN4,True
689,"Mình nhờ thằng em mua, sau sang tên thì có lợi Không?",neutral,VF8,AGEz-wBOvN4,True
690,"Vinfas đã bán nhà máy cho TQ,, giờ mà còn bán xe, thì ai dám mua nữa,,,giống như đem con bỏ chợ , giống như điện thoại, xe xăng lúc trước vậy,,,, lùa gà nữa",negative,VF8,AGEz-wBOvN4,True
691,Xấu -ế tiếp,negative,VF8,AGEz-wBOvN4,True
692,Xăng điện tới lúc giao xe k còn đc áp dụng,neutral,VF8,AGEz-wBOvN4,True
693,Nhận xe sớm thì đi xuyên việt cho anh em trải nghiệm,neutral,VF8,AGEz-wBOvN4,True
694,​xe đẹp keng quá ad ơi,positive,VF8,AGEz-wBOvN4,True
695, tuyệt với :)),positive,VF8,AGEz-wBOvN4,True
696,khác gì mpv7 cải tiến,neutral,VF8,AGEz-wBOvN4,True
697,Nó có dùng lại cái gì của mpv7 đâu?,neutral,VF8,AGEz-wBOvN4,True
698,"Chắc có bản base hơn, bản vippro hơn. Biết đâu đc",neutral,VF8,AGEz-wBOvN4,True
699,Mua sớm ngày nào hưởng thu sớm ngày đấy,positive,VF8,AGEz-wBOvN4,True
700,"nói ngáo vl, lúc nào mua xe ô tô cũng cả 1 đống tiền cả chú không phải VF hay hãng nào",negative,VF8,AGEz-wBOvN4,True
701,Để dành để... Buôn.... Xăng... À ..!??,neutral,VF8,AGEz-wBOvN4,True
702,sang tên mất 2% giá xe. Bác tự cân đối so với số tiền được giảm khi nhờ em mua xem,neutral,VF8,AGEz-wBOvN4,True
703,"Đưa tin tào lao, sai sự thật là mệt đó",negative,VF8,AGEz-wBOvN4,True
704,ai bắt bạn mua đâu mà ngồi khóc thuê cho người có xe vậy,negative,VF8,AGEz-wBOvN4,True
705,"Spam đủ mọi kênh có VF, bạn thật là rảnh quá.",negative,VF8,AGEz-wBOvN4,True
706,Thấy tên là biết ai Ế rồi. Anti bán xe,neutral,VF8,AGEz-wBOvN4,True
707,"Điều gì khiến các bác cảm thấy suy nghĩ nhiều nhất khi định dốc hầu bao mua VF8?
1. Tôi chưa tiện trạm sạc
2. Tôi chờ xe điện 7 chỗ của Vinfast 
3. Tôi thấy thiết kế chưa hợp gu của mình.
4. Ý kiến khác
Các bác cùng chia sẻ nhé. Tipcar sẽ tập hợp tất cả các góp ý của các bác và gửi hãng. Có vẻ hãng cũng rất lắng nghe các góp ý.",neutral,VF8,xt7OEJ7JvD0,True
708,"Sản phẩm tốt, giá hợp lý, hậu mãi cực tốt.",positive,VF8,xt7OEJ7JvD0,True
709,Cảm ơn bài review rất chất lượng ạ❤,positive,VF8,xt7OEJ7JvD0,True
710,cam ơn những chia sẻ tất hữu ích về chiếc xe vf8 từ tip car . Ủng hộ và thích xem tip car review,positive,VF8,xt7OEJ7JvD0,True
711,Rất thích xem a việt anh review.,positive,VF8,xt7OEJ7JvD0,True
712,Cảm ơn kênh cho nhiều thông tin thú vị.,positive,VF8,xt7OEJ7JvD0,True
713,Hay quá anh ơi,positive,VF8,xt7OEJ7JvD0,True
714,Bộ gầm chất lượng thật,positive,VF8,xt7OEJ7JvD0,True
715,"Ước mơ có 1 em ,xe tốt giá cũng hợp lý rồi.❤❤❤đẹp  nhìn khá chắc chắn.",positive,VF8,xt7OEJ7JvD0,True
716,😊Đang chờ vf 2 nhưng không biết bao giờ mới có.,neutral,VF8,xt7OEJ7JvD0,True
717,Đánh giá rất trung thực,positive,VF8,xt7OEJ7JvD0,True
718,mong muốn vin sẽ ra một chiếc xe rộng rãi như vf8 nhưng vật liệu và giá tiền rẻ hơn . để người dân tiếp cận dễ hơn.,neutral,VF8,xt7OEJ7JvD0,True
719,"Với mình thì chiếc Vf8 lux plus này có lẽ là chiếc xe đẹp và thú vị nhất trong dải sản phẩm của Vin, chiếc xe duy nhất của Vin mình có cảm tình và rất muốn mua nó, nếu quãng đường đi đạt khoảng 550km trở lên thì tuyệt vời.",positive,VF8,xt7OEJ7JvD0,True
720,Quá tuyệt vời,positive,VF8,xt7OEJ7JvD0,True
721,e thấy vin pha 2 màu như rollroyce đơn giản chỉ đem lại chỉ mang  sự lạ mắt ban đầu  nhưng về lâu dài thì sơn full 1 màu bao giờ cũng đẹp hơn,neutral,VF8,xt7OEJ7JvD0,True
722,Em chưa gặp xe này ở đường bao h. Chắc ở khu vin nhiều,neutral,VF8,xt7OEJ7JvD0,True
723,Xin chào TipcartTV. Rất vui khi xem kênh của TipcartTV,neutral,VF8,xt7OEJ7JvD0,True
724,"Anh bật tính năng giữ làn và đi lên cao tốc chạy ở tốc độ khoảng trên 100km/h đi a. Em thấy xe em đi rất rung vô lăng. Nếu ko bật tự động giữ làn thì ko rung, hoặc tự giữ làn nhưng đi dưới 100km/h thì tạm được.
Ngoài ra mong a đánh giá cảm giác mắt của người lái khi đi trời tối với cái màn hình to như của Vin mà độ sáng lại ko thể giảm được quá tối
 Em mong a sẽ đánh giá thêm mấy tiêu chí này trong các video tiếp theo.",neutral,VF8,xt7OEJ7JvD0,True
725,E luôn hi vọng Vin phát triển và thành công. E thấy Vin luôn tốt dần lên. Chúc mừng,positive,VF8,xt7OEJ7JvD0,True
726,"Kẻ cả tesla model Y chạy vẫn ồn, khó chịu nhất là khi lùi nghe tiếng kêu o o rất to !",positive,VF8,xt7OEJ7JvD0,True
727,Trạm sạc và thời gian sạc vẫn là trở ngại của người bận rộn.,negative,VF8,xt7OEJ7JvD0,True
728," bác giống em. Em đi tối ngày, đêm về thì đã mệt, lúc đó mà phải mang xe đi sạc cách nhà vài km thì chịu thôi.",negative,VF8,xt7OEJ7JvD0,True
729,"Chờ xe điện MPV 7 chỗ giá rẻ, bản gia đình có adast. chứ VF 9 thì chịu, ko mơ đc. Còn vấn đề sạc điện thì tôi nghĩ có thể mua trạm sạc về sạc. Theo chương trình chia sẻ trạm sạc nên trạm sạc giờ rất rẻ.",neutral,VF8,xt7OEJ7JvD0,True
730,"Theo tôi thứ nhất là vấn đề trạm sạc và thời gian sạc, thứ hai là giá bán",negative,VF8,xt7OEJ7JvD0,True
731,Chờ xe điện 7 chỗ giá vừa phải của v. Vf9 đang cao so với thu nhập,neutral,VF8,xt7OEJ7JvD0,True
732,E thích suv như byd,neutral,VF8,xt7OEJ7JvD0,True
733,Tôi chưa có tiền !!!!!!!!!,neutral,VF8,xt7OEJ7JvD0,True
734,Tôi chưa đủ tiền mua Vf8. Vẫn đi LuxSa 2.0.,neutral,VF8,xt7OEJ7JvD0,True
735,Em chưa có đủ tiền để mua. Em chúc anh Việt Anh nhiều sức khỏe!,neutral,VF8,xt7OEJ7JvD0,True
736,Sạc sạc và sạc,neutral,VF8,xt7OEJ7JvD0,True
737," Trạm sạc... em đang đi đây, xe biển vàng nhiều quá trạm sạc quá tải. Pin cũ đi quãng đường thâpz",negative,VF8,xt7OEJ7JvD0,True
738,"Sạc 30p bằng cái điện thoại còn chờ dc chỉ cần 30p từ 10 đến 80% rồi mà 1 lần sạc 450km 1 lần đi 1 ngày đi hết 450km à ??? lắp sạc 3 pha ở nhà qua đêm là xong Cái quan trọng là giá cao quá kèm pin và đợi xem mẫu mvp 7 chổ theo ngoại hình vf 7, vf9. Và qua tháng 3 năm 2025 hết 100% lệ phí trước bạ đây nè giá như nào nữa.",neutral,VF8,xt7OEJ7JvD0,True
739,Nhờ a VA tư vấn xe đời này muốn nâng cao gầm thêm 3cm nữa thì đệm cao su lên thêm có ổn ko?,neutral,VF8,xt7OEJ7JvD0,True
740,em không dám chắc và không tự tin lắm. Lò xo gối vào cao su quá cao giống như ta đi đôi giầy mềm và cao vậy.,neutral,VF8,xt7OEJ7JvD0,True
741, Tôi đệm 4 quả cao su 1550 k đi ok,neutral,VF8,xt7OEJ7JvD0,True
742,dự kiến thời điểm ra mắt MPV 7 chỗ của Vinfast ạ?,neutral,VF8,xt7OEJ7JvD0,True
743,chưa có thông tin chi tiết bác ơi.,neutral,VF8,xt7OEJ7JvD0,True
744,"Giá không phù hợp với chất xe, sạc pin bất tiện, độ ồn vọng lốp như mưa bão, độ bền của pin vẫn đang hoài nghi, linh kiện tàu 100% không biết thế nào, chưa đoạt giải an toàn NCAP cao......",negative,VF8,xt7OEJ7JvD0,True
745,Trạm xạc vẫn là điểm yếu và khi bảo dưỡng hoạch nâng cấp phần mềm chờ hơi lâu vì vẫn ít 3s,negative,VF8,xt7OEJ7JvD0,True
746,Tôi không có hầu bao để móc,neutral,VF8,xt7OEJ7JvD0,True
747,chúc bác sớm toại nguyện nhé!,neutral,VF8,xt7OEJ7JvD0,True
748,"Mình đi vfe34 và cũng thử vf7 vf6 vf8 vf5 rồi. Vfe34 chỉ mỗi tầm hoạt động hơi ngắn thôi. Còn e34 vẫn ok. 
Đi xe mà có mấy tính năng thông minh cũng chẳng dùng đến. Mà dùng đến phải giám sát nó thì mệt hơn.
Vf5 thì quá yếu so với vfe34. Vf7, vf8 thì mạnh hơn nhiều nhưng đường ở Việt Nam thì chả cần mạh quá làm chi. Nếu vừa tiền thì k cần thiết mua bản full option. Còn vf6 thì cũng thường thôi. Ngang vfe34. Thậm chí bản 6s còn thua xa vfe34. Cũng như 7s cũng vậy. K có cốp điện, k có csmera 360. 
Nên chốt lại mình vẫn dùng vfe34 cho rẻ chi phí và tiện lợi. 
Độ thêm đèn sáng, độ ghế điện, độ thêm loa đi phê",neutral,VF8,xt7OEJ7JvD0,True
749," xe bác có dính lỗi sang số không ạ, trước e đi e34 được mấy tháng, xdv bảo tất cả xe e34 đều bị chưa sửa dc, bực quá bỏ luôn -_-",negative,VF8,xt7OEJ7JvD0,True
750,thiết kế quá xấu hãy hc hỏi thiết kế xe sang,negative,VF8,xt7OEJ7JvD0,True
751,Chờ nội thất đẹp hơn sẽ mua. Nếu sau 2026 ko thay đổi thì sẽ mua tucson . Giá hơn 1 tỷ mà Màn hình sau vô lăng cũng ko có,negative,VF8,xt7OEJ7JvD0,True
752,Trạm sạc thuận tiện hơn với gầm xe cao hơn nữa,neutral,VF8,xt7OEJ7JvD0,True
753,"Cảm ơn Bác VA và ekip đà làm nên 1 video rất chất lượng, em thấy VF8 cần cải thiện
1. Khoảng sáng gầm xe cần cao hơn.
( biết là xe điện thì k cao được nhưng đã là CORSSOVER và SUV thì gầm cao mới đẹp)
2. Cách âm của xe cần cải thiện rõ ràng hơn.
( đã là xe điện êm ái khi k có tiếng ồn động cơ, thì tiếng ồn bên ngoài cũng nên sử lý thật tốt để 1 chiếc xe điệm êm ái đúng cả nghĩa đen và nghĩa bóng).",neutral,VF8,xt7OEJ7JvD0,True
754,Tôi kỳ vọng thời gian sạc nhanh hơn ở các trạm sạc đại trà (khoảng 20 đến 25  phút từ 20% lên trên 95%) và qoãng đường di chuyển sau mỗi lần sạc trên 500km và giá giảm khoảng 20% so với giá hiện tại thì khi đó tôi sẽ mua xe điện vifanfast.,neutral,VF8,xt7OEJ7JvD0,True
755,Chờ xe 7 chỗ mpv mua😂,neutral,VF8,xt7OEJ7JvD0,True
756,"đợi hoàn thiện hơn , nghe tin có vf X bản sedan điện",neutral,VF8,xt7OEJ7JvD0,True
757,"Bởi vì tôi ko muốn bỏ tiền túi ra để test xe cho người khác, tôi sẽ chuyển sang xe điện sau vài vòng đời nữa và nhiều hãng để lựa chọn",neutral,VF8,xt7OEJ7JvD0,True
758,Càng nhìn kỹ càng chán,negative,VF8,xt7OEJ7JvD0,True
759,"3. Đầu xe vf8 vf9 giá thì cắt cổ :> xấu thì k = nổi con xe cỏ :v đến toyota còn thay đổi mà vin vẫn cổ hủ cái thiết kế xấu điên. Điện k ra điện, xăng k ra xăng :v giới trẻ h thì ưa thẩm mĩ :>",negative,VF8,xt7OEJ7JvD0,True
760,Mong vinfast ra bản xe sedan với mức giá cạnh tranh. Có thể sạc tại nhà được. Chứ nhà xa trạm sạc thì mất công quá,neutral,VF8,xt7OEJ7JvD0,True
761,Khoảng sáng gầm nhé bro. SUV cần 190-210 mới ok,neutral,VF8,xt7OEJ7JvD0,True
762,Tôi chưa tin tưởng vào chất lượng và độ hoàn thiện số tiền bỏ ra lại không nhỏ,negative,VF8,xt7OEJ7JvD0,True
763,"sáng nay em lên web chính thức của vinfast mà chỉ thấy 2 phiên bản là eco và plus, đổi tên rồi hả anh",neutral,VF8,xt7OEJ7JvD0,True
764,Phần Taplo thiết kế xấu quá,negative,VF8,xt7OEJ7JvD0,True
765,tôi chờ bản vinfast sedan,neutral,VF8,xt7OEJ7JvD0,True
766,3 e ko thích màn hình kiểu này. Nếu có cá nhân e thích màn hình đôi như xe Hàn hay mes,negative,VF8,xt7OEJ7JvD0,True
767,Xe VF cực kì nhiều lỗi,negative,VF8,xt7OEJ7JvD0,True
768,phanh cảm giác không chân thật ( mình đi raptor),negative,VF8,xt7OEJ7JvD0,True
769,100% các mẫu xe Vinfast đều rất chuối. Nhìn chẳng có chỗ nào thích so với BYD. Chưa nói đến giá thì trên trời. Muốn chuyển sang xe điện nhưng khả năng ủng hộ hàng TQ thôi.,negative,VF8,xt7OEJ7JvD0,True
770,giá xe là một vấn đề lớn quá.,negative,VF8,xt7OEJ7JvD0,True
771,"VinPHẮC đã có xe điện VF9 là có 7 chỗ rồi đấy, đã mua chưa vậy?",neutral,VF8,xt7OEJ7JvD0,True
772,"tôi chờ vinfast có tùy chọn sau : 
1 thay đổi kích thước mâm, tôi muốn mâm nhỏ để xe đi êm hơn
2. Tùy chọn nâng cấp hệ thống loa có thương hiệu

3. nâng cấp hệ thống camera nét hơn, mượt hơn",neutral,VF8,xt7OEJ7JvD0,True
773,-je1eq  camera đời này OK rồi bác.,neutral,VF8,xt7OEJ7JvD0,True
774,chờ độ hoàn thiện tăng lên và giá về đúng giá trị,negative,VF8,xt7OEJ7JvD0,True
775,"Số 1. Có thêm 1 triệu trạm sạc thì đổ xăng chưa đầy 5p. Chưa kể ở Tp HCM, HN chỗ đậu ô tô còn ko có, thì chuyện trạm sạc full là bình thường. Chạy XĂNG hay ĐIỆN đều phải lên kế hoạch di chuyển, vấn đề là XĂNG có lười lên kế hoạch thì cũng có thể SỬA. Tôi thấy cửa sổ trời là điều VIN lỳ nhất, ng ta ko ghét cửa sổ trời, mà ghét cửa sổ trời ko có RÈM CHE.",neutral,VF8,xt7OEJ7JvD0,True
776,​  Bác ở chung cư à😂. Ở nhà đất có gara thì sạc rất tiện. Đi về cắm sạc đến sáng có 90% pin đi 😊,neutral,VF8,xt7OEJ7JvD0,True
777," vâng, em vẫn đang ở chung cư bác ạ, mà chỗ sạc gần nhất cách nhà khoảng 3km.",neutral,VF8,xt7OEJ7JvD0,True
778,"Người Việt đòi hỏi nhìu quá,muốn đc nhìu thứ lại giá rẻ nữa...​ ",neutral,VF8,xt7OEJ7JvD0,True
779,Cảm ơn bác!,neutral,VF8,xt7OEJ7JvD0,True
780,Không theo kịp sẽ chìm thôi,neutral,VF8,xt7OEJ7JvD0,True
781,"Ít phải thêm đc 2-3 lần facelift cho mấy con VF hiện hành nữa thì mới có đc lòng tin đc. Chứ quá khứ mấy sản phẩm 1 vòng đời thế này e là hơi khoai. Đáng lo nhất là xe điện bên Tàu nó tràn qua, giờ thì chưa đáng ngại. Tương lai lâu dài nó mà cũng rót vốn đầu tư thì Vin e là khó. VF là thương hiệu non trẻ, còn xe điện tàu đã đc kiểm chứng r, đơn cử BYD mà so với VF thì biết ai thua về chất lượng r. Hi vọng bác V k úp bô ae lần nữa để ae còn ủng hộ 😂",negative,VF8,xt7OEJ7JvD0,True
782,"Đang lỗ vãi,......what the fk",negative,VF8,xt7OEJ7JvD0,True
783," Lỗ phải rồi, giai đoạn đầu thử nghiệm, tuôn ra một đống sản phẩm đủ các giải sản phẩm, đầu tư vào rót vốn vào đâu phải mỗi sản xuất xe ko đâu, còn nhiều thứ khác nữa, bán ra lượng xe đó thì thấm vào đâu mà chả lỗ. Bây giờ xác định lỗ dài xây dựng nền móng rồi từ từ con số đó mới tăng lên dương được.",positive,VF8,xt7OEJ7JvD0,True
784,​  mua hết xe vin đi cho vin lỗ thêm nữa,neutral,VF8,xt7OEJ7JvD0,True
785," làm xe mà lãi luôn chỉ có là xe nhập tàu thôi bạn, vậy bạn muốn thế nào?",positive,VF8,xt7OEJ7JvD0,True
786,❤xe đẹp quá,positive,VF8,xt7OEJ7JvD0,True
787,"Đã từng mua fadil và sử dụng 2 năm, ưu nhược đều có. Đang chờ mẫu vf8 phù hợp nhất với mình để mua",neutral,VF8,xt7OEJ7JvD0,True
788,"Đây là bản mơ ước của mình trong toàn dải sản phẩm xe ôtô điện của Vinfast. Có thể nhiều bạn trẻ thích VF7 vì thể thao và mạnh mẽ,nhưng với người trung tuổi như mình thì sự trang nhã, tiện nghi và cũng đầy đủ mạnh mẽ trong điều kiện giao thông thực của Việt Nam như bản VF8 Lux Plus này là chân ái rồi.",positive,VF8,xt7OEJ7JvD0,True
789,"Nếu không đánh thuế bất động sản thứ nhất và thuế suất lũy tiến bất động sản thứ hai trở lên.. thì đó chính là nguyên nhân tại sao bất động sản tại Hoa Kỳ và Châu Âu phát triển cách đây 300 năm trước mà cho đến nay giá vẫn rẻ hơn bất động sản Việt Nam hiện tại!
  Điều nguy hiểm nhất đang đe dọa, phá hoại có nguy cơ làm sụp đổ toàn bộ nền kinh tế cũng như nền nông nghiệp yếu kém của Việt Nam đó chính là giá bất động sản quá đắt đỏ khiến cho mọi chi phí tăng vọt đội giá! Nếu chúng ta không thể cạnh tranh được trong đầu tư, sản xuất, chăn nuôi, trồng lúa và xuất khẩu thì nền kinh tế rơi vào suy thoái, đất nước sẽ suy tàn.
  Các giải pháp cấp bách nhất hiện nay để cứu nền kinh tế bao gồm giảm giá mọi loại bất động sản với mục tiêu bất động sản phải rẻ, cắt giảm tất cả chi phí xuống mức thấp nhất để phục vụ cho sản xuất, kinh doanh theo cách sòng phẳng, công bằng, minh bạch, qua đó sẽ làm gia tăng sức mạnh cạnh tranh!
  Đó là lý do tại sao chúng ta phải ngăn chặn tình trạng đầu cơ, thổi giá, xây dựng, chiếm dụng bỏ hoang dẫn đến hoang tàn gây lãng phí, khủng hoảng tài nguyên vốn và tài nguyên đất đai.. kéo theo là gánh nặng cho ngân sách nhà nước khi phải sửa chữa duy trì, trả nợ vay, và là nguồn gốc nợ xấu ngân hàng ngày một phình to như bom hẹn giờ chực nổ.. sẽ gây hậu quả rất thảm khốc tắc nghẽn dòng tiền, làm tê liệt nền kinh tế do các công trình dự án không mang lại lợi ích kinh tế, hiệu quả an sinh xã hội cho người lao động!
  Vì vậy chính phủ nhất thiết phải sử dụng các biện pháp chế tài mạnh mẽ hơn nữa thông qua thuế quan như miễn thuế nhập khẩu sắt thép, nguyên vật liệu xây dựng, lương thực thực phẩm.. đồng thời áp dụng thuế suất tối đa kết hợp với thuế suất lũy tiến đối với bất động sản thứ hai trở lên!
  Tài nguyên đất đai là sở hữu toàn dân do nhà nước quản lý, vậy nên chính phủ xem xét cấp nhà đất cho người dân như những năm 80 của thế kỷ trước, vừa hạ nhiệt giá bong bóng bất động sản để mọi người đều được hưởng lợi và AI AI cũng có nhà để ở! Điều đó sẽ đem lại hiệu quả tuyệt đối, mang lại lợi ích kinh tế rất cao, vừa điều tiết an sinh xã hội, vừa bảo đảm an ninh lương thực toàn cầu giúp nâng cao năng lực, lợi thế cạnh tranh bền vững hơn trong sản xuất cho quốc gia là góp phần thu hút vốn đầu tư nước ngoài một cách hiệu quả nhất trên thị trường đầu tư quốc tế..!",neutral,VF8,xt7OEJ7JvD0,True
790,Rất đáng mua,positive,VF8,xt7OEJ7JvD0,True
791,A làm vfe34 đi ak,neutral,VF8,xt7OEJ7JvD0,True
792,VIN cho cái cam kết  đc nâng cấp lên pin khô sau này mà giảm 50% giá pin thì tuyệt vời các bác ạ. sạc lần đi 800-1k km thì phê.,positive,VF8,xt7OEJ7JvD0,True
793,Nghe đâu mẫu xe của anh có phiên bản phần mềm mới 8A.11.9.0 rồi. Anh làm video với thiệu về phiên bản phần mềm này đi.,neutral,VF8,xt7OEJ7JvD0,True
794,"hi vọng vf8 cách âm tốt hơn nữa, còn lại mình thấy mọi thứ với vf8 quá oke r",positive,VF8,xt7OEJ7JvD0,True
795,"Theo kinh nghiệm bản thân thì lắp sub rời. Mở nhạc là nó triệt tiêu hết tiếng ồn lốp. Nhiều lúc đi xe, tôi còn say vì quá êm",neutral,VF8,xt7OEJ7JvD0,True
796,Qua năm vf8 lux plus lướt giảm còn 1 tỷ1 thì mình đổi crv qua 😚,neutral,VF8,xt7OEJ7JvD0,True
797,Cảm ơn Tipcar nói chung và cảm ơn anh nói riêng vì đã chia sẻ clip rất bổ ít mặc dù e chưa có khả năng mua VF8 ở hiện tại,positive,VF8,xt7OEJ7JvD0,True
798,"Nhiều người nghĩ xe điện là bảo vệ môi trường, xe điện là xu thế của tương lai là sai lầm. Tương lai là xe chạy bằng khí hydro. Đó mới là xe bảo vệ môi trường lại còn Nạp nhiên liệu tiện lợi nhanh chóng. Chờ đến 5,7 năm nữa thì hiện tại xe xăng, dầu hay xăng lai điện vẫn là chân ái.",negative,VF8,xt7OEJ7JvD0,True
799,Giờ ở trên mạng và các trang luôn có những kẻ chia rẽ đoàn kết và chia rẽ lòng tin với nước và hàng Việt Nam,positive,VF8,xt7OEJ7JvD0,True
800,"Tôi thấy thay đổi đắt giá nhất trên dòng VF8 Lux Plus này chính là giá đắt hơn, còn lại thì trải nghiệm vận hành không thay đổi gì mấy, trợ lí ảo Vivi thì chỉ là 1 tính năng công nghệ màu mè kiểu có cũng được, ko có cũng ko sao.",negative,VF8,xt7OEJ7JvD0,True
801,"7.8.9 biển trắng thấy ít trên đường do giá bán vẫn còn cao so với thu nhập của người dân, vinfast nên tập trung vào 3.5.6.",neutral,VF8,xt7OEJ7JvD0,True
802,ước mơ lên đc em này,positive,VF8,xt7OEJ7JvD0,True
803,Em cũng ước mơ vf8 plus :3,positive,VF8,xt7OEJ7JvD0,True
804,em 29 tuôi vẫn thích vf8 hơn vf7 bác ạ hay e quá già so vs tuổi nhỉ các bác 😅,positive,VF8,xt7OEJ7JvD0,True
805,25 tuổi vẫn thích vf8 hơn nè,positive,VF8,xt7OEJ7JvD0,True
806,tôi cũng rất thích VF8,positive,VF8,xt7OEJ7JvD0,True
807,Mẫu này đẹp quá,positive,VF8,xt7OEJ7JvD0,True
808,vf7 rẻ hơn vf8; vf7 đẹp rồi; chứ lên vf8 cao hơn,neutral,VF8,xt7OEJ7JvD0,True
809,"Vf8 To Bự, vô Phố hay đi Trung Tâm Sẽ chật trội khó xoay trở hơn",negative,VF8,xt7OEJ7JvD0,True
810,Xe điện mình rất thích byd,negative,VF8,xt7OEJ7JvD0,True
811,Tôi củng thích vf8 nhất. Đẹp điềm đạm,positive,VF8,xt7OEJ7JvD0,True
812,em cũng mơ ước như anh,neutral,VF8,xt7OEJ7JvD0,True
813,"Cần cải thiện phạm vi hoạt động sau mỗi lần sạc pin lên cao như các xe của TQ hiện nay...toàn 680km-1000km sau 1 lần sạc, độ cách âm ngon lên, và vô lăng cần đầm chắc như CRV ấy. Thân",neutral,VF8,xt7OEJ7JvD0,True
814,Những người ủng hộ Vin đợt đầu vượt qua bao nhiêu điều tiếng và thiệt thòi.,neutral,VF8,xt7OEJ7JvD0,True
815,nghe tipCar sướng tai thật,positive,VF8,xt7OEJ7JvD0,True
816,Hệ thống làm mát đã nâng cấp chưa anh ơi?! Mong a hồi đáp,neutral,VF8,xt7OEJ7JvD0,True
817,"Hiện tại m đang sử dụng 1 xe cx5 và 1 xe lux a. Tuy nhiên, nếu sd cho gia đình, M cảm thấy không gian chưa đc thoải mái. M đang có nhu cầu 1 chiếc xe rộng rãi , và m đã cọc chiếc VF9 bản 6 chỗ vì thực sự ấn tượng với những trang bị của xe. Còn về mặt không gian thì vẫn rất rất phân vân với canival. Xin được tipcar tư vấn.",neutral,VF8,xt7OEJ7JvD0,True
818,Vin có nâng cấp camera lùi và camera 360 ko admin. chứ xe hơn tỷ mà camera lỏm quá,neutral,VF8,xt7OEJ7JvD0,True
819,Chính ra Vin mà có cái công nghệ Phev thì chắc vô đối thị trường luôn 😅,neutral,VF8,xt7OEJ7JvD0,True
820,"xin ý kiến a việc đổi vf8 từ bản 2022 qua 2024, mất adas thì phải",neutral,VF8,xt7OEJ7JvD0,True
821,Mình không biết lái ô tô & cũng chưa có tiền mua ô tô nhưng nhìn cái xe này thấy đẹp nhất trong dàn xe của Vinfast,positive,VF8,xt7OEJ7JvD0,True
822,Vf8 có mấy phiên bản ae nhỉ. Mình thấy có bản S lux mà hơi khác so với hồi đầu ra mắt.,neutral,VF8,xt7OEJ7JvD0,True
823,Theo ý kiến cá nhân tôi thì đây là chiếc xe điện đẹp nhất của Vin❤,positive,VF8,xt7OEJ7JvD0,True
824,"Vf ra xe mới k dại j mua tiên phong, gương vf3 và các dòng xe điện khác còn đấy. Vf3 thì cọc mãi rồi đến h có ng vẫn chưa dc giao xe, trong khi ng mua sau thì có luôn. Làm vội vàng nên nhiều chi tiết chưa kĩ, cứ để 1 tgian rồi mua, k vội",neutral,VF8,xt7OEJ7JvD0,True
825,"Nhìn việc VinFast lên pin mới nhẹ hơn liền bổ sung ngay 1 tấm thép xuống gầm là biết làm ăn tử tế như nào
Phải nhẹ bớt thì mới bọc thép đc,chứ bản cũ nặng sẵn thì muốn bọc e rằng cũng khó
1 chiếc xe nặng thêm 50 70 cân hay 1 tạ là yếu tố kĩ thuật đi kèm thay đổi nhiều lắm",negative,VF8,xt7OEJ7JvD0,True
826,Hệ thống treo cứng. Ngồi ghế sau cảm giác không êm ái như số tiền. Trọng lượng xe lớn nên lốp mòn nhanh. Còn độ ồn thì chấp nhận.,negative,VF8,xt7OEJ7JvD0,True
827,Đợi Vin ra Facelift chắc 10 năm nữa 😂,neutral,VF8,xt7OEJ7JvD0,True
828,Xe Vin giờ chạy đầy đường nhỉ 😊,neutral,VF8,xt7OEJ7JvD0,True
829,"nói thật thì vf8 bản mới này nâng cấp những điểm chưa ưng của đời cũ là cũng thấy xe đã trở nên hoàn thiện rất nhiều rồi
mong sau này có thêm bản nâng cấp cho vf9 hoặc vf7
với hóng video tipcar so sánh giữa vf8 lux plus với audi q7 hoặc q5 và nêu lên sự khác biệt của xe điện hạng sang giá 1 tỷ và xe điện hạng sang Châu Âu hơn 3 và 4 tỷ ah*w*",neutral,VF8,xt7OEJ7JvD0,True
830,"Vf6,7 vừa cập nhật chức năng tự chuyển làn đường mà vf8,9 chưa có😂",neutral,VF8,xt7OEJ7JvD0,True
831,Nên có bản độc 1 màu đen thì đẹp,neutral,VF8,xt7OEJ7JvD0,True
832,"Quá tuyệt, càng nhiều chống phá, càng phát triển mạnh, tuyệt vời VF🎉",positive,VF8,xt7OEJ7JvD0,True
833,Ưu đãi thì không nói,negative,VF8,xt7OEJ7JvD0,True
834,Cảm ơn bạn đã ủng hộ kênh nhé!,neutral,VF8,xt7OEJ7JvD0,True
835,giống mình,neutral,VF8,xt7OEJ7JvD0,True
836,Đúng vậy vf9 thì dài quá còn em này nhìn đẹp,positive,VF8,xt7OEJ7JvD0,True
837,"kiểu trong quá trình hoạt động một thời gian, thì cơ bản dáng xe thiết kế đẹp rồi. tiết kiệm chi phí không cần ra mẫu mới, chỉ cần tinh chỉnh fix lại các lỗi của xe để hoàn thiện chiếc xe hơn. thông thường kiểu đó là bản facelift.",neutral,VF8,xt7OEJ7JvD0,True
838,"❤️🇻🇳VINFAST cars are very modern, beautiful, high quality, fashionable and very luxurious. It's really luxurious to drive a VINFAST car to Cồn to attend a funeral.{//",negative,VF8,xt7OEJ7JvD0,True
839,Mình thấy xe rất nặng nên hệ thống treo sau 1-2 năm thì nó xuống cấp rất nhanh,negative,VF8,xt7OEJ7JvD0,True
840,Vf8 chỉ đi đường mịn là bao êm nhưng khổ cái vn đường nhám và xấu,negative,VF8,xt7OEJ7JvD0,True
841,ngày xưa siêng xem tipcar :)) giờ thì khi nào tipcar làm xe điện mới xem.,neutral,VF8,xt7OEJ7JvD0,True
842,"Gầm vf8 thấp quá, nếu cao lên một tý là ok",negative,VF8,xt7OEJ7JvD0,True
843,Mình không hiểu vì sao nhà sản xuất lại khóa xe từ xa? Mà khóa như vậy thì phải có sim trên xe chứ nhỉ? Liệu như vậy đi đâu cũng bị theo dõi sao?,neutral,VF8,xt7OEJ7JvD0,True
844,💚 một bài đánh giá rất hữu ích. Em rất ngưỡng mộ những chủ xe Vinfast. Mến chúc anh VA sức khỏe ☘️,positive,VF8,xt7OEJ7JvD0,True
845,Trước mua Lux Sa chờ đợi mãi mới có xe. Xong hãng mang con bỏ chợ. Giờ còn 1/3 giá trị. Chán!.,negative,VF8,xt7OEJ7JvD0,True
846,"Cái gì cũng có cái giá của nó, muốn thịt nhiều thì phải bỏ tiền ra chứ tiền ít mà đòi thịt nhiều sao được 😊",neutral,VF8,xt7OEJ7JvD0,True
847,"Vào tháng 10&11_2022 Xếp hàng, chờ đợi, dắt bộ hàng trăm mét để đổ xăng 
Hiện tại xe điện cũng diễn ra tình trạng như vậy nhưng kéo dài  nhiều thời gian hơn 
XÉT VỀ Ở TRẠM... 
 Thời gian sạc > Thời gian đổ xăng

KIỂU DÁNG VF34 5 6 7 8  na ná kiểu dáng nhau , chưa đa dạng kiểu dáng và chủng loại thẩm mỹ  như SUV gầm cao, MPV cỡ trung và lớn",neutral,VF8,xt7OEJ7JvD0,True
848,Nghe giọng anh VA thấy uy tín rồi,positive,VF8,xt7OEJ7JvD0,True
849,Con vf8 này tưởng có đợt update tính năng tự động lùi chuồng rồi mà nhỉ??,neutral,VF8,xt7OEJ7JvD0,True
850,"không thích cum đèn phía trước, nhìn xấu, ko ra kiểu gì cả",negative,VF8,xt7OEJ7JvD0,True
851,"Ồn từ lốp lên xử lý dễ ợt à, tráng lốp rồi dán tiêu âm trong lốp là xe đi êm như xe sang. Con VF5 của vợ em làm xong đi còn sướng nữa là con VF8 này.",neutral,VF8,xt7OEJ7JvD0,True
852,"Mua đi ủng hộ đi anh em, lá lành đùm lá rách",positive,VF8,xt7OEJ7JvD0,True
853,Sai lầm của Vin là mang VF8 ra chạy taxi. Giờ trog mắt tôi VF8 nếu ko facelift thì nó vẫn là xe taxi,negative,VF8,xt7OEJ7JvD0,True
854,"Nhìn ngoài to nhưng bên trong lại nhỏ, ngồi đầu gối cao nên chỉ thích hợp đi phố. Cách âm ở mức bt, vẫn ồn từ gầm và vỏ. Em thấy nhiều chiếc chạy tiếng động cơ rít khá to, ko bit do đâu. Máy lạnh cũng khá ồn. Nói chung cần hoàn thiện nhiều hơn nữa. Và đặc biệt là giá bán ở vn. Còn sạc điện ở đâu em ko bit. Chứ ở sg thì tranh nhau xếp hàng để sạc tại sg. Nói chung cực.",negative,VF8,xt7OEJ7JvD0,True
855,"Chuẩn rồi, xe quá nặng nên đời cũ cảm giác đít xe bị xệ",negative,VF8,xt7OEJ7JvD0,True
856,Bác đang định mua xe điện hay sao?,neutral,VF8,xt7OEJ7JvD0,True
857,​mình cũng thế bác ạ. Tại chạy xe điện rồi h ko có nhu cầu tìm hiểu xe xăng nữa ạ.,neutral,VF8,xt7OEJ7JvD0,True
858," tính mua ấy anh :)) mà tài chính chưa cho phép. Chờ thời. Mẹ với vợ trùm say xe mà sau ngồi thử xe điện cái ko bị, mà nghe thằng bạn tiên phong e34 cái đoạn chi phí sạc điện và bảo dưỡng là thấy mê rồi đó, đặc biệt lúc kinh tế khó khăn như này, còn sạc thì em có đi du lịch cùng bạn e34 thấy đi 100-200km ngồi nghỉ cafe ăn uống tranh thủ sạc nên thấy ko vấn đề gì. Dưới hầm chung cư giờ xe điện ngày càng nhiều haiza, chờ thời thôi",neutral,VF8,xt7OEJ7JvD0,True
859, đã mua xe điện rồi. và việc đó thay đổi thói quen của tôi từ rất thích xem tipcar sang ít xem hơn hẳn. Lí do là sau khi đi xe điện tôi không có nhu cầu quay lại xe xăng nữa. Lí do 2 là các video rất hữu ích của bác vể hỏi đáp các bệnh xe xăng kinh nghiệm xe xăng. các xưởng bảo dưỡng nào để tránh bị lừa đảo nó ko hữu ích với tôi nữa. do đi xe điện ko cần lo nghĩ gì cả. mọi thứ đều vào chính hãng rất rẻ. chúng tôi có điều lo khác ví dụ chống ồn với cả độ phuộc với cả ác quy thì hầu như anh em xe điện với nhau chứ kênh bác lại ko có,neutral,VF8,xt7OEJ7JvD0,True
860,"Giống hệt mình, video gần nhất xem là em yaris cross",neutral,VF8,xt7OEJ7JvD0,True
861," vâng, với những ai tiện việc sạc thì chạy xe điện nó sướng lắm. Cảm giác chân ga nó nhạy bén, nó đáp ứng ngay và luôn, chứ không như xe xăng.",positive,VF8,xt7OEJ7JvD0,True
862," em có đi thử đúng là thấy mê thật. Như con vf7 ấy, đạp nó cầng cái đầu phê tới tận óc, kinh thật. Còn đoạn đi đèo đợt đi du lịch với e34 thì phải nói nó an toàn hơn xe xăng do có phanh tái sinh",positive,VF8,xt7OEJ7JvD0,True
863, chúc bác sớm toại nguyện ước mơ nhé!,positive,VF8,xt7OEJ7JvD0,True
864, thanks anh nhiều nhé :)) luôn ủng hộ kênh,positive,VF8,xt7OEJ7JvD0,True
865,"​  đa số sạc nhà sếp ah(ko đâu tiện bằng cắm nhà), trụ đang free ae mới sạc trụ& đi tỉnh mới sạc trụ thôi",neutral,VF8,xt7OEJ7JvD0,True
866,"ahh ahhh, vậy là em sẽ nghiên cứu tuyến nội dung mới trong năm 2025 trở đi. Cảm ơn bác đã lên tiếng góp ý nhé!",neutral,VF8,xt7OEJ7JvD0,True
867,"​a ơi nghiên cứu bệnh tiếng kêu động cơ trên vf8-e34 đi ạ, lâu lâu đi ngoài đường gặp vài chiếc kêu rất to, kêu viu viu ồn như máy bay sắp cất cánh.",neutral,VF8,xt7OEJ7JvD0,True
868,Bác dự định khi nào sẽ sở hữu một chiếc xe điện?,neutral,VF8,xt7OEJ7JvD0,True
869," Xe điện chưa có trong suy nghĩ của em. Em vẫn cổ hủ và thích động cơ đốt trong, hút khí tự nhiên càng tốt. Chiếc xe tiếp theo em nghĩ đến là xe HEV, phù hợp với di chuyển và nhu cầu của em. Cảm ơn anh VA đã phản hồi bình luận em",neutral,VF8,xt7OEJ7JvD0,True
870,Chúc bác buổi tối bình an nhé!,positive,VF8,xt7OEJ7JvD0,True
871,"Đúng rồi, mình từng lái thử con này, to nặng đầm chắc, cánh cửa rất dày nên không gian ở trong bị chật hẹp, hơi bí 1 chút, mình cũng để ý vf8 và e34 thườnh hay bị tiếng riết giống như tiếng máy bay sắp cất cánh, vf5 thì chưa nghe",neutral,VF8,xt7OEJ7JvD0,True
872,Đề nghị TipcarTV dùng thước đo chuẩn.không thước đo dây,negative,VF8,xt7OEJ7JvD0,True
873,Bác VA luôn biết gãi đúng chỗ ngứa của ae đam mê xe cộ. Chúc bác sớm đạt 1tr Sub. Không biết ngoài làm youtuber bác còn làm mảng gì khác ko mà đầu tư video rất công phu,positive,VF8,xt7OEJ7JvD0,True
874,Test phải eco mới êm,neutral,VF8,xt7OEJ7JvD0,True
875,"Anh em có nhà riêng tự sạc (như mình) hay có trạm gần nhà dưới 2km hãy mua, chứ xa hơn thì thôi",neutral,VF8,xt7OEJ7JvD0,True
876,Vf8 mà có bản 5+2 thì thật là tốt biết mấy,neutral,VF8,xt7OEJ7JvD0,True
877,"ko ưa Vin nhưng vẫn mong xe điện thành công. Đi ngoài đường giờ cực khổ quá, ước mơ đến 1 ngày 50% xe ngoài đường là xe điện.",neutral,VF8,xt7OEJ7JvD0,True
878,Bản mới này đi qua gờ giảm tốc vẫn nghe rõ tiếng cục khá to.,negative,VF8,xt7OEJ7JvD0,True
879,Bác làm về vf9 2024 đi. Muốn mua mà vẫn phân vân,neutral,VF8,xt7OEJ7JvD0,True
880,Ko thấy tipcar làm video vf3 ạ,neutral,VF8,xt7OEJ7JvD0,True
881,Vf8 Lười thay đổi mẫu mã,negative,VF8,xt7OEJ7JvD0,True
882,cho e hỏi thăm hiện tại giờ 800tr nên mua vf8new hay vf8 plus 2025,neutral,VF8,xt7OEJ7JvD0,True
883,Khi nào Pin công nghệ lên đến 1000km/lần sạc thì xe điện Uot trình xe xăng!  Mình vẫn mong xe điện ngày càng phổ biến để ít người đổ xăng cho xăng nó rẻ! Mình chạy xe xăng sẽ giảm chi phí nhiên liệu,neutral,VF8,xt7OEJ7JvD0,True
884,Mình ở Hải Phòng thì vf8 cũ chạy nhan nhản nhưng bản mới này lại chưa gặp ở đâu ngoài showroom :)),neutral,VF8,xt7OEJ7JvD0,True
885,ghét cái taplo ở giữa ><,negative,VF8,xt7OEJ7JvD0,True
886,"Mình thì ko có tiền chơi vs vinfast, nhưng anh họ mình trước giờ mua 2 chiếc, lái thử thì cực kì ngon. Lux A base mua cũ 550tr. Mua thêm vf8 eco 2022 cũ giá 690tr nữa, tuy đời mới ngon hơn nhưng đời cũ với mức giá 690tr thật sự rất hấp dẫn.",positive,VF8,xt7OEJ7JvD0,True
887,"chỉ vì sợ vin nô chúng vào cắn xé mà video này a rất nắn nót câu lời, chê 1 câu thì phải khen liền bù lại 1 câu😂😂😂",neutral,VF8,xt7OEJ7JvD0,True
888,"Thật ra xe điện làm cách âm chống ồn khó hơn xe xăng vì ko có tiếng máy nên mọi tạp âm rất rõ 
Khi đi xe xăng đôi khi tiếng dc  nó át dc tiếng nhỏ 
Nhưng xe điện thj nghe rất rõ",neutral,VF8,xt7OEJ7JvD0,True
889,Rất mong VinFast cho anh em tiên phong mua bộ lò xo mới giá hời để về lắp cải thiện cho VF8 đời đầu!!,neutral,VF8,xt7OEJ7JvD0,True
890,"Xưởng dịch vụ Vinfast làm ăn ""ối rồi ôi"" lắm a Việt Anh ạ😅",negative,VF8,xt7OEJ7JvD0,True
891,Xe vinfat ko có bảng đồng hồ sau vô lăng nhìn xấu vãi,negative,VF8,xt7OEJ7JvD0,True
892,Tương đối thôi bác ơi.,neutral,VF8,xt7OEJ7JvD0,True
893,"Em sản xuất dữ liệu liên quan đến ô tô và xe máy bác ạ, bao gồm cả hình ảnh và TCBC. Chẳng hạn 1 hãng xe chuẩn bị ra mắt một mẫu xe mới, họ cần sx hình ảnh và tư liệu để gửi báo chí, hoặc cần nghiên cứu thị trường.",positive,VF8,xt7OEJ7JvD0,True
894,Bác ấy là cổ đông chiến lược của các hãng xe 💙,neutral,VF8,xt7OEJ7JvD0,True
895, thế thì cũng kinh đấy bác nhỉ,negative,VF8,xt7OEJ7JvD0,True
896," ấy ấy, đến mức thế này thì đi làm Youtube làm gì nữa bác?",neutral,VF8,xt7OEJ7JvD0,True
897,Anh ý là cổ đông của 1 gara oto luôn,neutral,VF8,xt7OEJ7JvD0,True
898,"-ws4ue  gara nào thế bác, để ae qua ủng hộ",neutral,VF8,xt7OEJ7JvD0,True
899,"Chúc Tipcar thật nhiều sức khỏe, thành công và bình an trong cuộc sống!",positive,VF8,xt7OEJ7JvD0,True
900," em không là cổ đông gara nào hết bác ạ, tất cả các gara chỉ là đối tác, liên kết để tư vấn miễn phí cho các bác.",neutral,VF8,xt7OEJ7JvD0,True
901," làm youtube để lan tỏa mọi người, cổ đông là ổn định cuộc sống ạ 😀",neutral,VF8,xt7OEJ7JvD0,True
902," nghề chính của bác VA nghe qua cũng chưa hình dung ra coing việc như thế nào, mặc dù e cũng làm pháp chế, ko đến nỗi ngố quá. Ko biết có phải như là các hãng mỗi khi đưa một mẫu xe mới vào TT Việt thì sẽ thông qua bác VA nghiên cứu trước ko?",neutral,VF8,xt7OEJ7JvD0,True
903," Một số hãng xe trước khi ra mắt sản phẩm mới (có thể đang trong giai đoạn xe concept hoặc đã lắp ráp và chuẩn bị lên kế hoạch định giá và bán ra thị trường), em đã rất may mắn được tham gia các dự án của họ, trải nghiệm, nghiên cứu, báo cáo chi tiết. 
Khi chuẩn bị ra mắt, các hãng cần có bài viết và hình ảnh + video để gửi báo chí, Tipcar tiếp tục được tham gia công đoạn này của nhiều hãng. Đến hôm họp báo ra mắt sản phẩm, họ sẽ gửi tư liệu này cho báo chí cả nước để sử dụng.
Còn sau khi sản phẩm đã ra mắt thị trường, thì đó mới là công việc mà các bác nhìn thấy trên kênh Tipcar.",neutral,VF8,xt7OEJ7JvD0,True
904," Tuyệt vời quá bác, thế là kênh Youtube này của bác một công vài chục mục tiêu rồi",positive,VF8,xt7OEJ7JvD0,True
905,Sạc tại nhà riêng lắp trụ thế nào và chi phí bao nhiêu anh,neutral,VF8,xt7OEJ7JvD0,True
906,5+2 mà ngồi chật như lux SA thì thà ko có còn hơn 😅,neutral,VF8,xt7OEJ7JvD0,True
907,em chưa có tiền mua oto điện nhưng cũng mong xe điện phổ biến. Ra đường  đứng cạnh xe điện nó đỡ cực hơn đứng cạnh oto xăng/ dầu,neutral,VF8,xt7OEJ7JvD0,True
908,"Âm thanh bên ngoài thì khó tránh bác ạ, quan trọng là cảm giác êm ái hơn hẳn so với trước.",neutral,VF8,xt7OEJ7JvD0,True
909,"9 khung gầm treo như Lux SA, có tiền thì thẳng tiến có gì mà phân vân nữa",positive,VF8,xt7OEJ7JvD0,True
910,Em đang lên kế hoạch bác ơi.,neutral,VF8,xt7OEJ7JvD0,True
911,"Công nghệ pin thôi chưa đủ, mà còn phải sạc thật nhanh. Dưới 5"" là xe xăng khai tử",neutral,VF8,xt7OEJ7JvD0,True
912,Chắc chưa bán được nhiều đó bác.,neutral,VF8,xt7OEJ7JvD0,True
913," mà có 1 điều là sao thông số khoảng sáng gầm và chiều cao xe vf ko thay đổi trên web của hãng bác nhỉ, rõ ràng cái này cần được truyền thông đến khách mạnh mẽ mà lại copy paste từ đời trước",neutral,VF8,xt7OEJ7JvD0,True
914,"Mình cũng HP đây, mình biết thì có 5 ae trong nhóm nhận  luxplus rồi, mình đặt cọc từ 18/7 nhưng giờ vẫn chưa nhận đc xe do mình vướng thủ tục thu cũ đổi mới, mình đã lái thử và thấy khá hài lòng với bản này, nhược điểm vẫn còn nhưng khắc phục ko khó.",neutral,VF8,xt7OEJ7JvD0,True
915,"chắc toàn xe  giá tiên phong, tôi nghĩ 8 và 9 sau này doanh số rất thấp",neutral,VF8,xt7OEJ7JvD0,True
916, em cũng đang nghi nghi đây bác.,neutral,VF8,xt7OEJ7JvD0,True
917,"xe xăng thì được, chứ xe điện thì tàu fake thôi",negative,VF8,xt7OEJ7JvD0,True
918,"Em không ngại bất kỳ vấn đề gì nếu đúng sự thật bác ạ, đó là cách truyền thông sạch. Cách của Tipcar là mỗi khía cạnh đều có ưu có nhược, thì mình cần làm rõ.",neutral,VF8,xt7OEJ7JvD0,True
919,Cái này em ko đồng tình với bác. Tầm tiền vf8 bác mua 1 con xe xăng đi xem nó có ồn tiếng động cơ ko.?,neutral,VF8,xt7OEJ7JvD0,True
920,Em sẽ gửi ý kiến của bác cho Vinfast nhé.,neutral,VF8,xt7OEJ7JvD0,True
921,"Tốt quá, cám ơn bác!",neutral,VF8,xt7OEJ7JvD0,True
922,"Em mới đặt mua cặp lò xo sau, giá rẻ quá có 2tr4 /1 cặp thôi, trong khi cặp lò xo độ ngoài 9tr/cặp. Ngoài ra em đang muốn mua cặp giảm sóc trước full cả phuộc và lo xo, 14tr/cặp để thay thế cho bộ trước. Bộ trước bị tiếng kêu chút chít khụt khịt và cọt kẹt em vào 3s gần 10 lần cả năm nay rồi mà ko sửa hết. Nhờ bác hỏi giúp em bộ giảm sóc trước có cao hơn và khắc phục được tiếng kêu không?  Xe em eco tiên phong. Hiện em đã đặt hàng thử trước cặp lò xo trước, 1tr/cặp để xem thử. Nếu có thông tin full bộ trước cải thiện thì em đặt thay full luôn.",neutral,VF8,xt7OEJ7JvD0,True
923,Bác có biết nguyên nhân là gì không ạ?,neutral,VF8,xt7OEJ7JvD0,True
924,Trời 1 dàn vf3 chạy taxi xamh luôn r....,neutral,VF8,xt7OEJ7JvD0,True
925,Nghe gì vinfet nó nói hay lắm nhưng thực chất không như vậy đâu,negative,VF8,xt7OEJ7JvD0,True
926,Nhìn sau vô lăng chống nhìn chán nhỉ. Có màn hình hiển thị tốc độ các thứ ngầu hơn thì tốt,negative,VF8,xt7OEJ7JvD0,True
927,Mới đặt cọc đang chờ em nó.,neutral,VF8,xt7OEJ7JvD0,True
928,k biết chất lượng cam 360 được cải thiện để tốt hơn VF7 k ạ?,neutral,VF8,xt7OEJ7JvD0,True
929,Chắc mua BYD 😂,negative,VF8,xt7OEJ7JvD0,True
930,"Xe VF8 nhìn mặt trước thì đẹp thật, nhưng phía sau thì không đẹp lắm. Đuôi của nó mà copy được cái đuôi của Lux SA thì hết nước chấm",neutral,VF8,xt7OEJ7JvD0,True
931,Với số tiền 1 tỉ 5 mà nó ồn như con xe hạng A,negative,VF8,xt7OEJ7JvD0,True
932,Cho hỏi màu này có phải jet black mistery bronz ko?,neutral,VF8,xt7OEJ7JvD0,True
933,"Nhờ Vf 8 chạy taxi và lắng nghe sự góp ý mới nâng cấp lớn dc như vậy mấy con lux và lux plus mới này sẽ ko dc phép ra biển vàng đâu dc vf cảm kết, nhưng vấn đề về giá quá cao khi kèm pin và tháng 3 năm 2025 hết 100% lệ phí trước bạ rồi giá sẽ ra sao. Đợi mẫu 7 chổ dáng hao hao vf7 vf9 xem sao chứ vf 9 với ko nổi",neutral,VF8,xt7OEJ7JvD0,True
934,"Tôi đang đi Lexus 470 hơn 10 đăng ký Vf9 ngày đầu tiên nhưng lâu quá lấy lại tiền , Nay mua Vf8 plux hoả long để trải nghiệm thật sự khác biệt xe xăng chạy đầm phấn khích ko muốn đi xe xăng nữa để chuồng . Hiện tại chưa lỗi gi lớn ngoài đường bê tông hơi ồn ghe nói thay 4 quả lốp đỡ ồn , đã lắp thêm 4 quả cao su đỡ giảm sóc cao thêm 1 cm vào gờ đỡ sóc . Còn sau này chưa biết giá mua cả pin 1300 tr nếu thay 4 quả lốp khoảng 27 tr",positive,VF8,xt7OEJ7JvD0,True
935,Bao giờ cấm xe xăng thì bán đc !,negative,VF8,xt7OEJ7JvD0,True
936,"Nói thật khi nào xe điện giải quyết đc việc tốc độ sạc nhanh như tốc độ đổ xăng + trạm sạc nhiều như trạn xăng, kể cả oto lẫn xe máy điện thì may ra mới phổ biến",neutral,VF8,xt7OEJ7JvD0,True
937,"Vf8 Lux thì vẫn tính là 1 chiếc xe hạng sang dành cho người có nhiều tiền mua xe trải nghiệm và thường là chiếc xe thứ n trong nhà.
Với mức giá hiện tại thì khó tiếp cận được nhóm phân khúc khách hàng gia đình trẻ + mua xe lần đầu ==> doanh số bán ra cũng không cao lắm. 
Đại đa số người trẻ mua xe lần đầu thì 5-700tr là xe được chọn nhiều nhất nên Vf5 Vf6 hãng bán khá chạy.
Đặc biệt Vf3 xe đô thị giá rẻ vô cùng hút khách do mức giá nằm ở khả năng trong tầm tay nhiều hiều hộ gia đình ở tp.

Được cái đặt xe từ 15/5 đến nay vẫn chưa có hợp đồng mua bán hay thời gian dự kiến nhận xe. Trong khi sale và đại lý thì đang chào bán xe sẵn giao ngay cho khách mua nhanh gọn lẹ.
Nên thôi thì tiếng lòng chung của tất cả các khách hàng cọc tiên phong từ tháng 5 đến nay chưa nhận xe là ==> hãng làm ăn cũng như cc.",negative,VF8,xt7OEJ7JvD0,True
938,"vãi thật, bằng tiền bản này thì có thể mua con palisade ngon nghẻ mà sang",negative,VF8,xt7OEJ7JvD0,True
939,Bỏ ra tiền tỷ đi 3 năm bán giá sát vun,negative,VF8,xt7OEJ7JvD0,True
940,Tipcar TV hỏi giúp chương trình đổi VF8 cũ sang VF8 mới ( xe điện đời cũ sang xe đời mới ) có thực hiện không hay đã ngỏm rồi.,neutral,VF8,xt7OEJ7JvD0,True
941,"Đến bây giờ 2026 thì đã có thêm được những thay đổi gì nữa rồi hay vẫn cũ như trước vậy? Giá bảo hiểm chi tiết là bao nhiêu? Khi đang chạy xe bị hỏng giữa đường thì có ai đến cứu không hay hãng sẽ sống chết mắc bẫy, tiền thầy bỏ túi vậy?",neutral,VF8,xt7OEJ7JvD0,True
942,"Gầm liền có mua xe 7 tỉ vẫn ồn thậm chí có ù,k tránh đk bởi vậy tôi chỉ mua xe nào sd gầm rời",neutral,VF8,xt7OEJ7JvD0,True
943,"Lấy xe chưa bác, cảm nhận tn ạ",neutral,VF8,xt7OEJ7JvD0,True
944,"Ahhh đấy, em quên. Cam 360 cải thiện rồi bác.",neutral,VF8,xt7OEJ7JvD0,True
945,"Người nước hầu hết đều thích thiết kế phần đuôi ( bạn tìm xem mấy clip review của họ )
Với tôi thì tôi không thích phần đầu . Nó hơi rối và rườm rà .
Nếu làm như chiếc. Lux SA thì đẹp hơn .
Tôi đang đi chiếc VF7 plus .",neutral,VF8,xt7OEJ7JvD0,True
946,"-e5o  Công nhận Lux SA đẹp, nó thiên hướng thiết kế giống BMW mà bạn, còn lại mấy con VF8 m thấy ko đẹp",negative,VF8,xt7OEJ7JvD0,True
947,"Có một thứ mà máy đo độ ồn không thể đo được, đó là tạp âm bác ạ, đó là những âm thanh rất nhỏ, nhưng lại dễ gây khó chịu. Xe hạng A hầu hết là tạp âm rất nhiều, trong khi VF8 tạp âm được xử lý rất tốt.
Xe này chỉ bị tiếng ồn từ lốp.",positive,VF8,xt7OEJ7JvD0,True
948,Màu này là Jet Black – Champagne Creme bác ạ.,neutral,VF8,xt7OEJ7JvD0,True
949,Như vf8 này ra lệ phí trước bạ thêm bao tiền v b,neutral,VF8,xt7OEJ7JvD0,True
950, 1ty 310 biển tỉnh bản cao nhất kèm pin nhanh còn kịp vì sắp hết hạn 100% lệ phí trước bạ,neutral,VF8,xt7OEJ7JvD0,True
951,Đã trừ khuyến mãi,neutral,VF8,xt7OEJ7JvD0,True
952,mua con CRV hybrid ngon hơn,negative,VF8,xt7OEJ7JvD0,True
953,Nc lớn còn chưa cấm nổi thì vn mình xe xăng còn ít người mua được huống chi cấm 😅,neutral,VF8,xt7OEJ7JvD0,True
954,Nó không bao giờ nhanh như thế được đâu vì đó không phải thế mạnh của xe điện.,neutral,VF8,xt7OEJ7JvD0,True
955,"Chắc tầm 10-20 năm nữa, hoặc có thể lâu hơn để sạc nhanh. Còn hiện tại xe điện không phải để sạc nhanh như xe xăng, chủ yếu là cần tăng quãng đường đi được thôi, chứ sau này đồng bộ hạ tầng thì trạm sạc ở khắp mọi nơi, đi đâu cũng có cổng sạc thì việc sạc nhanh hay chậm không quá quan trọng",neutral,VF8,xt7OEJ7JvD0,True
956,Đợt làm video giá trên trời thật . Bh rẻ hơn rất nhiều r,neutral,VF8,xt7OEJ7JvD0,True
957,Từ Canada em đã chạy xe này gần 3 năm giờ em rất mến em VinFast 8 này 👍❤️❤️❤️❤️👍👍👍👍👍👍👍👍👍,positive,VF8,91ip-_Vh40M,True
958,vf8 màu này đẹp quá,positive,VF8,91ip-_Vh40M,True
959,"Khi yêu thích 1 cái gì đó, bạn có thể nói về nó cả ngày",positive,VF8,91ip-_Vh40M,True
960,Tuyêt vời..,positive,VF8,91ip-_Vh40M,True
961,"xe đẹp an toàn bảo vệ người dùng khung gầm thân vỏ chắc chắn túi khí nổ là đã là yếu tố quyết định việc mua xe cho gia đình rồi chưa nói đến chi phí sử dụng rẻ và pin bền, bjo cho dù lỗi nhỏ phần mềm vẫn chấp nhận đc vì giá cả xe bjo quá tốt rồi nhiều người bị ghét xe điện một cách phiến diện thì sau này sẽ hối hận thôi...",positive,VF8,91ip-_Vh40M,True
962,thích nghe giọng bạn này vs bạn gì mập mập,positive,VF8,91ip-_Vh40M,True
963,phải công nhận thiết kế 8-9 đẹp,positive,VF8,91ip-_Vh40M,True
964,bác cho em hỏi màu này của vf8 là màu gì vậy ạ,neutral,VF8,91ip-_Vh40M,True
965,khách mời vui tính dễ thương quá.,positive,VF8,91ip-_Vh40M,True
966,"Á à Pattern, mấy đôi kiếm livestream nét luôn",neutral,VF8,91ip-_Vh40M,True
967,Người việt ủng hộ hàng việt rất thích câu nói của anh. Em từ Canada cũng chơi luôn một em VinFast 8 lúc đầu cũng lỗi phần mềm 1 chút nhưng sau 2 tháng giờ em rất mến xe này ❤❤❤👍👍👍👍👍,positive,VF8,91ip-_Vh40M,True
968,"Đúng, cam360 vẫn đáng chê. Đi tốc độ cao ko hoạt động. Đã thế còn hay lỗi khi khởi động nữa.",negative,VF8,91ip-_Vh40M,True
969,quê qn thpt đông thành :),neutral,VF8,91ip-_Vh40M,True
970,Anh này đẹp trai và nói chuyện quá hay và duyên dáng ❤❤❤ ❤👌👌👌👌👌👌👌👌👌👌👌👌👌👌👌,positive,VF8,91ip-_Vh40M,True
971,Sếp tôi đẹp zai vãi,positive,VF8,91ip-_Vh40M,True
972,"Thiết kế châu âu có khác, càng nhìn càng hút.",positive,VF8,91ip-_Vh40M,True
973,Mình ngại mỗi khoản ù vs đi hơi chòng chành. Hôm trước chạy thử chiếc geely ex5 bản full mà nó êm thật. Cách âm tốt. Treo cũng khá cân bằng.,negative,VF8,91ip-_Vh40M,True
974,Sales VF lên nói chuyện như đúng rồi 😂 chả có tí gì là chia sẻ người dùng,negative,VF8,91ip-_Vh40M,True
975,Muốn thì tìm cách ko muốn tìn lý do,neutral,VF8,91ip-_Vh40M,True
976,con ex5 ý bố của chòng chành luôn. chắc b thử ở cái đường mịn như nhung thì nó êm chứ đi vào chỗ xấu 1 tí thì chòng chành lắc ngang thấy ớn,positive,VF8,91ip-_Vh40M,True
977," Gần đây mình được chạy thử J7, Sealion 6 và Ex5 thì phải công nhận J7 chắc chắn, còn 2 con kia mềm quá, đi toàn bay xe với bồng bềnh",neutral,VF8,91ip-_Vh40M,True
978," chắc mình thuộc  tuyp thích mềm mại. nhưng nó xử lý xóc này khá tốt và cũng cân bằng không đến nỗi bồng bềnh ko bị xóc nảy cộp cộp như vf8 đợt mình chạy thử, bản mới thì không biết thế nào.",negative,VF8,91ip-_Vh40M,True
979,"Chắc bác đi đường HN chứ e đi thử con Ex5 này đường cua dốc, treo mềm quá ai say xe ngồi sau chắc sợ đến già😂",neutral,VF8,91ip-_Vh40M,True
980,"-p4g8c  hôm đó em cũng test đường xấu 1 chút. qua gờ giảm tốc và đường tàu khá êm. nhất là khoản cách âm môi trường khá tốt, tiếng mô tơ thì không nghe thâý gì luôn. quá oke cho chiếc xe sale báo 830tr bản full bác ạ.",negative,VF8,91ip-_Vh40M,True
981,"Khái niệm về vận hành mỗi ng mỗi kiểu ko biết đc, mình vs vợ đi lái thử con vf9 vf7, mình thì thấy vf9 êm mượt, vợ mình chê bảo ko êm, cứng , phải nhún, bồng bềnh như vf7 mới là êm 😂, bất đồng quan điểm chưa chốt đc xe 😅",neutral,VF8,91ip-_Vh40M,True
982,Sao lạ là vậy? Mình chạy 2 năm thấy mượt mà ta,neutral,VF8,91ip-_Vh40M,True
983," 1 phần nó chòng chành đến từ dàn chân, xác xe thì to nhưng 4 cái bánh bé tí nhìn vừa mất cân đối vừa ko đầm chắc bám đường tốt",negative,VF8,91ip-_Vh40M,True
984,Chủ xe này có lên kịch bản sẵn k mà trả lời tăm tắp như thật 😂,neutral,VF8,91ip-_Vh40M,True
985,Biêt xe lôi ma vân mua chăc thưa tiên hoăc Ngông,neutral,VF8,91ip-_Vh40M,True
986,bọn buôn chuyện chứ rù viu gi,negative,VF8,91ip-_Vh40M,True
987,Lỗi từ mồm anti! Vf8 ổn nhất,positive,VF8,91ip-_Vh40M,True
988,Chú em này đã nhận tiền của Mr vượng để pr cho vinfast đó đừng tin bà con ơi,neutral,VF8,91ip-_Vh40M,True
989,chủ doanh nghiệp ít ai nói vấp lắm,neutral,VF8,91ip-_Vh40M,True
990,Xe của ng ta chả tăm tắp thì là xe mượn à. Buồn cười😂,neutral,VF8,91ip-_Vh40M,True
991,"xe mượn thì mới nói lắp vì toàn nghe đồn , chứ xe người ta mà cha ,",neutral,VF8,91ip-_Vh40M,True
992,Quay thêm chi tiết về tổng thể xe nhé bạn,neutral,VF9,eo1tOQrnFQI,True
993,Dạ oke anh nhé,neutral,VF9,eo1tOQrnFQI,True
994,"Kênh này đánh giá rất khách quan và khá chi tiết, nêu được ưu và nhược điểm của VF9, hi vọng kênh vẫn sẽ giữ được tính khách quan như này trong tương lai.",positive,VF9,D7Jpz5EpkFA,True
995,Kênh này đánh giá xe chân thực nhất,positive,VF9,D7Jpz5EpkFA,True
996,"Kênh này review rất có tâm, rất khách quan chứ không review theo kiểu vuốt đuôi như mấy kênh khác",positive,VF9,D7Jpz5EpkFA,True
997,Kênh quá hay. Cái nào tốt khen. Cái nào dở chê. Cần lắm những video như thế này. Cám ơn Kênh đã reveiw 1 cách công tâm. Mang lại những giá trị kiến thức cao cho người đang tìm hiểu.,positive,VF9,D7Jpz5EpkFA,True
998,Nói về không gian chứa đồ thì anh chưa nhắc đến cốp trước. Rất hữu ích đó ạ.,neutral,VF9,D7Jpz5EpkFA,True
999,"Ko thấy tipcar nhà mình bình luận về VF6.  Hóng mãi hok thấy video, chúc kênh phát triển vũng mạnh nhé❤",positive,VF9,D7Jpz5EpkFA,True
